# .PCD v0.7 - Point Cloud Data file format
VERSION 0.7
FIELDS x y z
SIZE 4 4 4
TYPE F F F
COUNT 1 1 1
WIDTH 7118
HEIGHT 1
VIEWPOINT 0 0 0 1 0 0 0
POINTS 7118
DATA ascii
-0.39487571 0.19851702 0.89820313
-0.38488227 0.1985171 0.89820307
-0.37488878 0.19851702 0.89820319
-0.36489582 0.19858684 0.89813322
-0.35490268 0.19851702 0.89820302
-0.34490725 0.19844715 0.89827299
-0.33491504 0.19851704 0.89820302
-0.32492152 0.19851708 0.89820302
-0.31492805 0.19851701 0.89820313
-0.30493972 0.19858682 0.89813334
-0.29494196 0.19851701 0.89820313
-0.2852186 0.19851702 0.89820313
-0.27521774 0.19844714 0.89827299
-0.2649608 0.1985171 0.89820302
-0.25470629 0.19858682 0.8981331
-0.24470462 0.19851702 0.89820302
-0.23498124 0.19851702 0.89820313
-0.22525787 0.19851702 0.89820313
-0.21525235 0.19844714 0.89827299
-0.2050001 0.1985171 0.89820307
-0.19475019 0.19858682 0.89813322
-0.18474387 0.19851702 0.89820313
-0.17502052 0.19851702 0.89820313
-0.16529714 0.19851702 0.89820313
-0.15528694 0.19844714 0.89827299
-0.14503936 0.19851711 0.89820302
-0.13479412 0.19858684 0.8981331
-0.12478314 0.19851702 0.89820319
-0.11505979 0.19851702 0.89820319
-0.10533641 0.19851704 0.89820313
-0.095321529 0.19844714 0.89827305
-0.084829681 0.19858342 0.89813673
-0.074545771 0.19851702 0.89820302
-0.064822406 0.19851702 0.89820319
-0.055099048 0.19851702 0.89820302
-0.04537569 0.19851702 0.89820319
-0.035356134 0.19844715 0.89827305
-0.024873383 0.19858341 0.89813662
-0.014585043 0.19851704 0.89820302
-0.0048616808 0.19851702 0.89820313
0.0048616808 0.19851704 0.89820302
0.014585041 0.19851701 0.89820313
0.024873383 0.19858339 0.89813673
0.035356134 0.19844714 0.89827317
0.04537569 0.19851704 0.89820319
0.055099048 0.19851702 0.89820319
0.064822406 0.19851702 0.89820302
0.074545771 0.19851702 0.89820313
0.084829673 0.19858341 0.89813673
0.095321529 0.19844715 0.89827299
0.10533642 0.19851702 0.89820319
0.11505979 0.19851702 0.89820331
0.12478312 0.19851702 0.89820313
0.13479413 0.19858682 0.89813322
0.14503936 0.1985171 0.89820307
0.15528694 0.19844714 0.89827317
0.16529712 0.19851702 0.89820313
0.17502052 0.19851704 0.89820313
0.18474384 0.19851702 0.89820313
0.19475019 0.19858684 0.89813334
0.20500012 0.1985171 0.89820307
0.21525235 0.19844715 0.89827299
0.22525787 0.19851702 0.89820313
0.23498124 0.19851702 0.89820302
0.24470459 0.19851704 0.89820319
0.25470626 0.19858684 0.89813322
0.26496086 0.1985171 0.89820302
0.27521771 0.19844714 0.89827305
0.2852186 0.19851702 0.89820302
0.29494196 0.19851702 0.89820313
0.30493969 0.19858682 0.89813322
0.31492805 0.19851702 0.89820313
0.32492152 0.19851711 0.89820307
0.33491504 0.19851702 0.89820313
0.34490722 0.19844715 0.89827305
0.35490268 0.19851702 0.89820313
0.36489579 0.19858682 0.89813334
0.37488884 0.19851702 0.89820313
0.38488227 0.1985171 0.89820302
0.39487574 0.19851702 0.89820302
-0.3949343 0.18845351 0.90827459
-0.38510188 0.18845351 0.90827465
-0.3752695 0.18845351 0.90827459
-0.36543712 0.18845351 0.90827465
-0.35518366 0.18840133 0.90832686
-0.34495237 0.18845351 0.90827465
-0.33511996 0.18845351 0.90827465
-0.32489106 0.18850571 0.90822244
-0.31463644 0.18845351 0.90827465
-0.30480406 0.18845351 0.90827465
-0.29497167 0.18845351 0.90827465
-0.28513926 0.18845351 0.90827465
-0.27530691 0.18845351 0.90827465
-0.2654745 0.18845351 0.90827465
-0.25521529 0.18840131 0.90832686
-0.24498974 0.18845351 0.90827465
-0.23476599 0.18850572 0.90822244
-0.2245062 0.18845351 0.90827465
-0.21467383 0.18845351 0.90827465
-0.20484143 0.18845351 0.90827459
-0.19500905 0.18845351 0.90827465
-0.18517666 0.18845351 0.90827459
-0.17534427 0.18845351 0.90827465
-0.16551189 0.18845351 0.90827465
-0.15524691 0.18840131 0.9083268
-0.14464094 0.18850571 0.90822244
-0.13437599 0.18845351 0.90827465
-0.12454358 0.18845351 0.90827465
-0.1147112 0.18845351 0.90827465
-0.10487882 0.18845351 0.90827465
-0.095046431 0.18845351 0.90827465
-0.085214041 0.18845351 0.90827459
-0.075381644 0.18845351 0.90827465
-0.065549262 0.18845351 0.90827465
-0.055278555 0.18840133 0.90832686
-0.044684071 0.18850571 0.90822244
-0.034413356 0.18845351 0.90827465
-0.02458097 0.18845351 0.90827465
-0.014748584 0.18845351 0.90827465
-0.0049161944 0.18845351 0.90827459
0.0049161944 0.18845351 0.90827465
0.014748584 0.18845351 0.90827465
0.02458097 0.18845351 0.90827465
0.034413364 0.18845351 0.90827465
0.044684075 0.18850571 0.90822244
0.055278547 0.18840133 0.90832686
0.065549262 0.18845351 0.90827465
0.075381644 0.1884535 0.90827465
0.085214041 0.18845351 0.90827465
0.095046431 0.18845351 0.90827465
0.10487882 0.18845351 0.90827459
0.1147112 0.18845351 0.90827465
0.12454358 0.18845351 0.90827465
0.13437599 0.18845351 0.90827465
0.14464094 0.18850572 0.90822244
0.15524691 0.18840131 0.90832686
0.16551188 0.1884535 0.90827459
0.17534427 0.18845351 0.90827465
0.18517667 0.18845351 0.90827465
0.19500905 0.18845351 0.90827465
0.20484143 0.18845351 0.90827465
0.2146738 0.18845351 0.90827465
0.22450621 0.18845351 0.90827465
0.23476601 0.18850571 0.90822244
0.24498974 0.18845351 0.90827465
0.25521529 0.18840131 0.90832686
0.26547453 0.18845351 0.90827465
0.27530688 0.18845351 0.90827465
0.28513929 0.18845351 0.90827465
0.29497167 0.18845351 0.90827465
0.30480406 0.18845351 0.90827465
0.31463644 0.18845351 0.90827465
0.32489106 0.18850571 0.90822244
0.33511996 0.18845351 0.90827465
0.34495237 0.18845351 0.90827465
0.35518363 0.18840133 0.90832686
0.36543712 0.18845351 0.90827465
0.37526953 0.18845351 0.90827465
0.38510191 0.18845351 0.90827465
0.39493427 0.18845351 0.90827465
-0.39516065 0.1931747 0.90354979
-0.38505065 0.19313262 0.90359187
-0.37494567 0.19317468 0.90354985
-0.36499828 0.19326118 0.90346318
-0.35490131 0.19313142 0.90359312
-0.34495026 0.19317468 0.90354991
-0.33500603 0.19317482 0.90354949
-0.3250618 0.19317466 0.90354961
-0.31511313 0.19321807 0.9035064
-0.30500793 0.19308792 0.90363669
-0.29490617 0.19326119 0.90346324
-0.28495917 0.19317466 0.90354979
-0.27501735 0.1931314 0.90359312
-0.26490715 0.19317482 0.90354967
-0.25496286 0.19317468 0.90354985
-0.24501762 0.19321807 0.90350634
-0.23507485 0.19317468 0.90354991
-0.22513048 0.19326118 0.90346313
-0.21502338 0.19308791 0.90363652
-0.20507906 0.19317466 0.90354979
-0.19513337 0.19313145 0.90359294
-0.18502702 0.19317484 0.90354961
-0.17492209 0.19321807 0.90350646
-0.16481861 0.19326116 0.90346313
-0.15486962 0.19317468 0.90354973
-0.1450884 0.19317468 0.90354985
-0.13530716 0.19317465 0.90354985
-0.12535338 0.19308792 0.90363652
-0.11508659 0.19313292 0.90359151
-0.10482659 0.19321808 0.9035064
-0.094726421 0.19326119 0.90346313
-0.084770747 0.19317468 0.90354961
-0.074989513 0.19317469 0.90354985
-0.065208271 0.19317466 0.90354997
-0.055427026 0.19317466 0.90354973
-0.04546557 0.19308792 0.90363675
-0.034902103 0.19325379 0.90347075
-0.024453104 0.19317468 0.90354973
-0.014671861 0.19317468 0.90354973
-0.0048906202 0.19317468 0.90354973
0.0048906207 0.19317468 0.90354979
0.01467186 0.19317469 0.90354985
0.024453105 0.19317469 0.90354961
0.034902103 0.19325379 0.90347046
0.045465574 0.19308794 0.90363675
0.055427026 0.1931747 0.90354979
0.065208279 0.19317468 0.90354973
0.07498952 0.19317469 0.90354979
0.084770747 0.19317469 0.90354973
0.094726458 0.19326119 0.90346318
0.10482659 0.19321808 0.90350646
0.11508659 0.19313292 0.90359163
0.12535338 0.19308794 0.90363657
0.13530716 0.19317468 0.90354979
0.14508839 0.19317465 0.90354955
0.15486963 0.19317468 0.90354985
0.16481861 0.19326118 0.90346324
0.17492214 0.19321807 0.90350646
0.18502703 0.19317484 0.90354949
0.19513342 0.19313143 0.903593
0.20507906 0.19317469 0.90354985
0.21502338 0.19308791 0.90363657
0.22513048 0.19326118 0.9034633
0.23507485 0.19317468 0.90354961
0.24501762 0.19321805 0.90350658
0.25496289 0.19317465 0.90354973
0.26490715 0.19317482 0.90354961
0.27501738 0.1931314 0.90359318
0.28495917 0.19317466 0.90354973
0.29490623 0.19326116 0.90346307
0.30500793 0.19308792 0.90363663
0.31511313 0.19321807 0.9035064
0.32506177 0.19317468 0.90354985
0.33500603 0.19317478 0.90354967
0.34495035 0.19317468 0.90354973
0.35490131 0.19313142 0.90359318
0.3649984 0.19326118 0.9034633
0.37494561 0.19317466 0.90354985
0.38505071 0.19313268 0.90359193
0.39516065 0.19317468 0.90354985
-0.39499328 0.17816004 0.91857612
-0.3850494 0.17816003 0.91857624
-0.37510544 0.17816001 0.91857636
-0.36516157 0.17816001 0.91857636
-0.35521764 0.17816001 0.91857636
-0.34499955 0.17823303 0.91850322
-0.33477825 0.17816003 0.91857624
-0.32483435 0.17816001 0.91857636
-0.31489044 0.17816001 0.91857624
-0.30494651 0.17816001 0.91857612
-0.29500261 0.17816001 0.91857636
-0.28505871 0.17816001 0.91857636
-0.2751148 0.17816001 0.91857624
-0.2651709 0.17816001 0.91857636
-0.25522697 0.17816001 0.91857636
-0.24528307 0.17816001 0.91857636
-0.23533913 0.17816001 0.91857624
-0.22539526 0.17816001 0.91857636
-0.21545134 0.17816001 0.91857612
-0.20521805 0.17808695 0.91864938
-0.19501024 0.17816003 0.91857624
-0.18506636 0.17816001 0.91857636
-0.17512244 0.17816003 0.91857636
-0.16517852 0.17816003 0.91857624
-0.15523462 0.17816001 0.91857636
-0.14501451 0.17816007 0.9185763
-0.13479434 0.17816001 0.91857636
-0.12485044 0.17816001 0.91857612
-0.11465067 0.17823303 0.91850328
-0.10441104 0.17816001 0.91857624
-0.094467126 0.17816001 0.91857636
-0.084523216 0.17816001 0.91857624
-0.074579306 0.17816001 0.91857624
-0.064635411 0.17816003 0.91857624
-0.054691497 0.17816001 0.91857636
-0.044747587 0.17816001 0.91857624
-0.034803677 0.17816003 0.91857612
-0.024859771 0.17816001 0.91857612
-0.01491586 0.17816001 0.91857612
-0.0049719536 0.17816003 0.91857624
0.004971954 0.17816001 0.91857636
0.01491586 0.17816001 0.91857612
0.024859771 0.17816001 0.91857612
0.034803677 0.17816001 0.91857624
0.044747584 0.17816001 0.91857636
0.054691494 0.17816001 0.91857636
0.064635403 0.17816001 0.91857624
0.074579313 0.17816001 0.91857624
0.084523216 0.17816001 0.91857636
0.094467133 0.17816001 0.91857624
0.10441103 0.17816001 0.91857624
0.11465067 0.17823304 0.91850311
0.12485044 0.17816001 0.91857636
0.13479437 0.17816001 0.91857636
0.14501452 0.17816007 0.91857618
0.15523462 0.17816 0.91857636
0.16517854 0.17816001 0.91857612
0.17512242 0.17816001 0.91857624
0.18506633 0.17816003 0.91857612
0.19501027 0.17816001 0.91857636
0.20521803 0.17808692 0.91864938
0.21545134 0.17816001 0.91857624
0.22539523 0.17816001 0.91857636
0.23533916 0.17816003 0.91857612
0.24528305 0.17816001 0.91857636
0.25522697 0.17816001 0.91857636
0.2651709 0.17816001 0.91857624
0.2751148 0.17816001 0.91857624
0.28505868 0.17816003 0.91857624
0.29500258 0.17816003 0.91857612
0.30494651 0.17816001 0.91857612
0.31489044 0.17816003 0.91857624
0.32483435 0.17816001 0.91857624
0.33477825 0.17816001 0.91857636
0.34499955 0.17823303 0.91850328
0.35521767 0.17816001 0.91857612
0.36516157 0.17816001 0.91857612
0.37510544 0.17816003 0.91857612
0.38504937 0.17816001 0.91857624
0.39499328 0.17816001 0.91857636
-0.39487419 0.18376388 0.9129681
-0.38482153 0.18367551 0.91305655
-0.37493742 0.18367553 0.91305637
-0.36505321 0.18367554 0.91305643
-0.35500431 0.18367568 0.91305625
-0.34495547 0.18367553 0.91305643
-0.33507127 0.1836755 0.91305655
-0.32518715 0.18367559 0.91305643
-0.31513387 0.1837198 0.91301197
-0.30508983 0.18367554 0.91305637
-0.29520568 0.18367556 0.91305637
-0.28499204 0.18367526 0.91305685
-0.27477843 0.18367553 0.91305631
-0.26489434 0.18367554 0.91305655
-0.25501016 0.18367551 0.91305643
-0.24496228 0.18363135 0.91310078
-0.23491187 0.18367548 0.91305661
-0.22502775 0.18367553 0.91305625
-0.21497884 0.18367569 0.91305619
-0.20492992 0.18367554 0.91305643
-0.19504581 0.18367553 0.91305631
-0.18499881 0.18371981 0.91301215
-0.1749485 0.18367556 0.91305625
-0.16490537 0.18376388 0.91296816
-0.15485173 0.18367551 0.91305655
-0.14496759 0.18367556 0.91305637
-0.13508341 0.18367554 0.91305649
-0.12519929 0.18367551 0.91305655
-0.11531512 0.18367551 0.91305637
-0.10543097 0.18367554 0.91305637
-0.095369555 0.18358696 0.91314512
-0.085160725 0.18363135 0.91310066
-0.074953377 0.18367566 0.91305643
-0.064747475 0.18371981 0.91301209
-0.054543015 0.18376385 0.91296804
-0.044478688 0.18367557 0.91305643
-0.034594532 0.18367556 0.91305631
-0.024710383 0.18367554 0.91305637
-0.01482623 0.1836755 0.91305661
-0.0049420767 0.18367551 0.91305655
0.0049420767 0.18367556 0.91305631
0.014826229 0.18367551 0.91305661
0.024710385 0.18367557 0.91305655
0.034594532 0.18367548 0.91305655
0.044478688 0.18367554 0.91305643
0.054543011 0.18376386 0.91296798
0.064747475 0.1837198 0.91301227
0.07495337 0.18367565 0.91305625
0.085160732 0.18363133 0.9131009
0.09536954 0.18358697 0.91314512
0.10543096 0.18367554 0.91305637
0.11531512 0.1836755 0.91305661
0.12519929 0.18367554 0.91305643
0.13508342 0.18367551 0.91305655
0.14496756 0.18367553 0.91305649
0.15485175 0.18367551 0.91305655
0.16490538 0.18376386 0.91296798
0.1749485 0.18367553 0.91305655
0.18499884 0.18371984 0.91301203
0.19504578 0.18367554 0.91305643
0.20492996 0.18367551 0.91305661
0.21497884 0.18367565 0.91305643
0.22502775 0.18367553 0.91305619
0.23491189 0.18367554 0.91305637
0.24496229 0.18363136 0.91310066
0.25501019 0.18367551 0.91305643
0.26489434 0.18367553 0.91305649
0.27477846 0.18367553 0.91305655
0.2849921 0.18367527 0.91305685
0.29520571 0.18367551 0.91305655
0.30508983 0.1836755 0.91305649
0.31513387 0.18371984 0.91301215
0.32518712 0.18367556 0.91305637
0.33507124 0.18367553 0.91305631
0.34495547 0.18367551 0.91305649
0.35500431 0.18367568 0.91305625
0.36505321 0.18367551 0.91305637
0.37493736 0.18367553 0.91305649
0.38482153 0.18367554 0.91305637
0.39487407 0.18376386 0.91296804
-0.3947522 0.16834064 0.92840332
-0.38497978 0.16842407 0.92831981
-0.37521082 0.16834062 0.92840344
-0.36516055 0.16834065 0.92840344
-0.35511029 0.16834062 0.92840332
-0.34505999 0.16834065 0.92840344
-0.33500969 0.16834065 0.92840344
-0.3249594 0.16834062 0.92840332
-0.3149091 0.16834065 0.92840344
-0.3048588 0.16834062 0.92840332
-0.29480851 0.16834067 0.92840332
-0.28475824 0.16834065 0.92840332
-0.27470791 0.16834064 0.92840332
-0.26465765 0.16834064 0.92840332
-0.25460735 0.16834065 0.92840344
-0.24455707 0.16834064 0.92840344
-0.23477383 0.16825728 0.92848676
-0.22501397 0.16834062 0.92840344
-0.21496367 0.16834062 0.92840332
-0.20491341 0.16834064 0.92840332
-0.19486311 0.16834065 0.92840344
-0.18481284 0.16834065 0.92840332
-0.17476253 0.16834062 0.92840332
-0.16499139 0.16834056 0.92840338
-0.15522031 0.16834062 0.92840332
-0.14517003 0.16834062 0.92840332
-0.13511972 0.16834064 0.92840344
-0.12537062 0.1684241 0.92831981
-0.11557833 0.16834064 0.92840344
-0.10552806 0.16834064 0.92840344
-0.09547776 0.16834065 0.92840332
-0.085427471 0.16834065 0.92840344
-0.075377181 0.16834062 0.92840344
-0.065326892 0.16834062 0.92840344
-0.055276595 0.16834064 0.92840332
-0.045226309 0.16834065 0.92840332
-0.035176016 0.16834064 0.92840332
-0.025125725 0.16834065 0.92840344
-0.015075437 0.16834064 0.92840344
-0.0050251451 0.16834067 0.92840344
0.0050251447 0.16834062 0.92840332
0.015075435 0.16834065 0.92840344
0.025125727 0.16834064 0.92840344
0.035176016 0.16834064 0.92840344
0.045226309 0.16834065 0.92840344
0.055276595 0.16834062 0.92840344
0.065326899 0.16834064 0.92840344
0.075377174 0.16834062 0.92840344
0.085427471 0.16834067 0.92840332
0.095477752 0.16834064 0.92840344
0.10552805 0.16834067 0.92840344
0.11557835 0.16834064 0.92840332
0.12537062 0.16842407 0.92831993
0.13511972 0.16834065 0.92840344
0.14517002 0.16834065 0.92840344
0.15522029 0.16834062 0.92840344
0.16499139 0.16834056 0.9284035
0.17476253 0.16834062 0.92840332
0.18481283 0.16834062 0.92840344
0.1948631 0.16834062 0.92840344
0.20491341 0.16834062 0.92840332
0.21496369 0.16834065 0.92840332
0.22501397 0.16834064 0.92840332
0.2347738 0.16825731 0.92848676
0.24455704 0.16834064 0.92840332
0.25460732 0.16834062 0.92840332
0.26465765 0.16834065 0.92840332
0.27470791 0.16834064 0.92840344
0.28475821 0.16834065 0.92840332
0.29480854 0.16834062 0.92840332
0.3048588 0.16834064 0.92840344
0.3149091 0.16834067 0.92840344
0.3249594 0.16834064 0.92840344
0.33500969 0.16834067 0.92840344
0.34505996 0.16834064 0.92840332
0.35511026 0.16834064 0.92840344
0.36516055 0.16834064 0.92840332
0.37521085 0.16834064 0.92840344
0.38497978 0.16842407 0.92831981
0.3947522 0.16834064 0.92840332
-0.39529034 0.17327522 0.92346501
-0.38529348 0.17327522 0.92346507
-0.37529668 0.17327523 0.92346495
-0.36529985 0.17327522 0.92346501
-0.35530305 0.17327522 0.92346478
-0.34530619 0.17327522 0.92346501
-0.33530939 0.17327522 0.92346501
-0.32510009 0.17335932 0.92338067
-0.31490013 0.17327522 0.92346501
-0.3049033 0.17327522 0.92346478
-0.2949065 0.17327522 0.92346495
-0.28490964 0.17327522 0.92346495
-0.27491286 0.17327523 0.92346478
-0.26491597 0.17327522 0.92346501
-0.25491914 0.17327523 0.92346472
-0.24492234 0.17327523 0.92346478
-0.23492551 0.17327523 0.92346478
-0.22492868 0.17327522 0.92346478
-0.21493185 0.17327523 0.9234646
-0.20493501 0.17327522 0.92346507
-0.19493817 0.17327522 0.92346501
-0.18494135 0.17327523 0.92346478
-0.17494452 0.17327522 0.92346501
-0.1649477 0.17327522 0.92346507
-0.15495086 0.17327523 0.92346478
-0.14495401 0.17327523 0.92346483
-0.13495721 0.17327523 0.92346478
-0.12496039 0.17327523 0.92346478
-0.11496354 0.17327519 0.92346472
-0.10496671 0.17327523 0.92346478
-0.094969891 0.17327522 0.92346501
-0.084973037 0.17327523 0.92346495
-0.074976236 0.17327523 0.92346519
-0.064979397 0.17327522 0.92346501
-0.054982562 0.17327523 0.92346478
-0.04498573 0.17327523 0.92346483
-0.034988903 0.17327523 0.92346483
-0.024992077 0.17327523 0.92346478
-0.014995242 0.17327522 0.92346507
-0.0049984148 0.17327522 0.92346478
0.0049984152 0.17327522 0.92346507
0.014995242 0.17327523 0.92346478
0.024992071 0.17327522 0.92346507
0.034988906 0.17327523 0.92346478
0.044985738 0.17327523 0.92346501
0.054982558 0.17327523 0.92346478
0.064979397 0.17327519 0.92346495
0.074976221 0.17327522 0.92346501
0.08497306 0.17327522 0.92346495
0.094969891 0.17327522 0.92346495
0.10496671 0.17327523 0.92346495
0.11496354 0.17327523 0.92346495
0.12496039 0.17327523 0.92346472
0.13495718 0.17327522 0.92346501
0.14495403 0.17327522 0.92346501
0.15495086 0.17327525 0.92346483
0.16494769 0.17327522 0.92346501
0.17494452 0.17327522 0.92346478
0.18494135 0.17327523 0.92346495
0.19493817 0.17327522 0.92346501
0.20493501 0.17327522 0.92346478
0.21493185 0.17327523 0.92346472
0.22492868 0.17327522 0.92346501
0.23492549 0.17327522 0.92346501
0.24492233 0.17327522 0.92346501
0.25491914 0.17327523 0.92346483
0.26491597 0.17327523 0.92346483
0.27491283 0.17327523 0.92346483
0.28490967 0.17327523 0.92346495
0.29490647 0.17327522 0.92346519
0.3049033 0.17327522 0.92346483
0.31490013 0.17327523 0.92346478
0.32510009 0.17335932 0.92338091
0.33530936 0.17327523 0.92346483
0.34530619 0.17327523 0.92346495
0.35530302 0.17327522 0.92346501
0.36529991 0.17327522 0.92346483
0.37529671 0.17327522 0.92346483
0.38529348 0.17327523 0.92346478
0.3952904 0.17327522 0.92346495
-0.39507031 0.15830892 0.93844306
-0.38491133 0.15830892 0.93844318
-0.37503457 0.15830883 0.9384433
-0.36515775 0.15830892 0.93844318
-0.3549988 0.15830892 0.93844318
-0.34483981 0.15830892 0.93844318
-0.33496627 0.1583942 0.93835783
-0.32508719 0.15830892 0.93844318
-0.31492817 0.15830891 0.93844318
-0.30476919 0.15830892 0.93844318
-0.29488558 0.15822376 0.93852842
-0.28501478 0.15830892 0.9384433
-0.27485576 0.15830892 0.93844318
-0.26497898 0.15830882 0.93844318
-0.25510225 0.15830889 0.93844318
-0.24523681 0.15839417 0.93835789
-0.23534952 0.15830892 0.93844306
-0.22519056 0.15830894 0.93844306
-0.21503159 0.15830892 0.93844318
-0.20487262 0.15830892 0.93844295
-0.19471365 0.15830892 0.93844306
-0.18455468 0.15830892 0.93844306
-0.17466016 0.15822376 0.93852842
-0.16480026 0.15830892 0.93844318
-0.15492342 0.15830885 0.93844324
-0.14534932 0.15839417 0.93835777
-0.13545299 0.15830892 0.93844306
-0.12529401 0.15830892 0.9384433
-0.11513504 0.15830892 0.93844306
-0.10497606 0.15830892 0.93844306
-0.094817087 0.15830891 0.93844295
-0.084658109 0.15830892 0.93844306
-0.074499138 0.15830892 0.93844306
-0.064340167 0.15830894 0.93844318
-0.054715127 0.15821834 0.93853366
-0.045461841 0.15839419 0.93835765
-0.03555641 0.15830894 0.9384433
-0.025397433 0.15830892 0.93844318
-0.01523846 0.15830894 0.93844318
-0.0050794864 0.15830892 0.93844306
0.0050794859 0.15830892 0.93844318
0.015238459 0.15830889 0.93844318
0.025397437 0.15830892 0.93844306
0.035556402 0.15830894 0.93844318
0.045461841 0.1583942 0.93835777
0.05471513 0.15821835 0.9385339
0.064340159 0.15830892 0.93844318
0.07449913 0.15830892 0.93844306
0.084658116 0.15830892 0.93844306
0.094817072 0.15830895 0.93844306
0.10497607 0.15830892 0.93844318
0.11513504 0.15830891 0.93844318
0.12529401 0.15830894 0.93844318
0.13545297 0.15830892 0.93844306
0.14534934 0.15839417 0.93835789
0.15492342 0.15830883 0.93844324
0.16480026 0.15830892 0.93844318
0.17466015 0.15822375 0.9385283
0.18455467 0.15830892 0.93844318
0.19471365 0.15830894 0.9384433
0.20487264 0.15830891 0.93844306
0.21503159 0.15830889 0.93844318
0.22519058 0.15830892 0.93844306
0.23534955 0.15830894 0.93844318
0.24523681 0.15839417 0.93835765
0.25510225 0.15830892 0.9384433
0.26497898 0.15830885 0.93844336
0.27485579 0.15830892 0.93844306
0.28501475 0.15830892 0.93844295
0.29488558 0.15822375 0.93852854
0.30476916 0.15830892 0.93844318
0.31492817 0.15830891 0.9384433
0.32508713 0.15830892 0.93844306
0.3349663 0.1583942 0.93835777
0.34483987 0.15830892 0.93844318
0.3549988 0.15830892 0.93844318
0.36515778 0.15830891 0.93844318
0.37503454 0.15830885 0.93844306
0.38491136 0.15830892 0.93844306
0.39507031 0.15830892 0.9384433
-0.39491054 0.16335045 0.93339747
-0.38480613 0.16335045 0.93339753
-0.3749091 0.16338149 0.93336636
-0.36501884 0.16335045 0.93339753
-0.35491446 0.16335045 0.93339747
-0.3448101 0.16335046 0.93339753
-0.3349106 0.163444 0.93330383
-0.32502338 0.16335045 0.93339753
-0.31513318 0.16325708 0.93349093
-0.3052347 0.16335045 0.93339747
-0.29513034 0.16335045 0.93339759
-0.28502598 0.16335043 0.93339747
-0.27492166 0.16335045 0.93339753
-0.26502728 0.16331922 0.93342882
-0.2551336 0.16335045 0.93339753
-0.24502926 0.16335046 0.93339747
-0.23492493 0.16335046 0.93339753
-0.2250329 0.1633815 0.93336642
-0.21513754 0.16335046 0.93339753
-0.2050332 0.16335046 0.93339753
-0.19514777 0.163444 0.93330377
-0.18524648 0.16335045 0.93339753
-0.17514212 0.16335045 0.93339747
-0.16503778 0.16335045 0.93339753
-0.15493342 0.16335045 0.93339747
-0.14482906 0.16335045 0.93339747
-0.13472472 0.16335045 0.93339747
-0.12462035 0.16335045 0.93339747
-0.11451602 0.16335045 0.93339747
-0.10460473 0.16325708 0.93349093
-0.094727345 0.16335043 0.93339747
-0.084826991 0.1633192 0.93342888
-0.075156599 0.1633815 0.93336642
-0.065488242 0.163444 0.93330383
-0.055573944 0.16335043 0.93339729
-0.045469593 0.16335045 0.93339747
-0.035365239 0.16335045 0.93339753
-0.025260881 0.16335043 0.93339735
-0.015156531 0.16335046 0.93339753
-0.0050521768 0.16335045 0.93339753
0.0050521763 0.16335043 0.93339729
0.01515653 0.16335045 0.93339753
0.025260888 0.16335043 0.93339747
0.035365235 0.16335045 0.93339753
0.045469597 0.16335045 0.93339753
0.055573944 0.16335045 0.93339747
0.065488234 0.16344401 0.93330389
0.075156592 0.16338149 0.93336636
0.084826976 0.16331922 0.9334287
0.094727345 0.16335045 0.93339735
0.10460472 0.16325709 0.93349093
0.11451602 0.16335048 0.93339747
0.12462038 0.16335046 0.93339753
0.13472474 0.16335043 0.93339753
0.14482906 0.16335045 0.93339753
0.15493342 0.16335043 0.93339747
0.16503777 0.16335045 0.93339753
0.17514212 0.16335046 0.93339753
0.18524647 0.16335045 0.93339747
0.19514774 0.16344401 0.93330377
0.20503318 0.16335045 0.93339753
0.21513756 0.16335045 0.93339753
0.22503285 0.16338153 0.93336636
0.23492491 0.16335045 0.93339747
0.24502927 0.16335045 0.93339753
0.25513366 0.16335045 0.93339735
0.26502734 0.1633192 0.93342882
0.27492163 0.16335045 0.93339753
0.28502595 0.16335046 0.93339759
0.29513034 0.16335045 0.93339753
0.30523476 0.16335045 0.93339753
0.31513318 0.16325709 0.93349093
0.32502335 0.16335045 0.93339747
0.33491069 0.163444 0.93330383
0.34481013 0.16335045 0.93339753
0.35491446 0.16335043 0.93339735
0.36501881 0.16335045 0.93339759
0.3749091 0.1633815 0.93336642
0.38480616 0.16335045 0.93339753
0.39491057 0.16335045 0.93339747
-0.39508739 0.14879847 0.94796109
-0.38482532 0.14879847 0.94796109
-0.37497833 0.14873129 0.94802833
-0.36515582 0.14879847 0.94796115
-0.3548938 0.14879845 0.94796115
-0.34507409 0.14886566 0.94789392
-0.33522558 0.14879848 0.94796109
-0.32496366 0.14879847 0.94796127
-0.31470159 0.14879847 0.94796127
-0.30484965 0.14873126 0.94802839
-0.29503211 0.14879848 0.94796115
-0.28521663 0.14886564 0.94789392
-0.27536389 0.14879845 0.94796109
-0.26510191 0.14879845 0.94796115
-0.2548399 0.14879847 0.94796109
-0.24457793 0.14879847 0.94796127
-0.2347209 0.14873126 0.94802839
-0.22535919 0.14886567 0.94789392
-0.21550222 0.14879845 0.94796127
-0.20524018 0.14879848 0.94796115
-0.19497818 0.14879848 0.94796115
-0.18471617 0.14879847 0.94796115
-0.17445415 0.14879848 0.94796115
-0.16459219 0.14873129 0.94802839
-0.15524043 0.14886566 0.94789392
-0.14537847 0.14879848 0.94796109
-0.13511646 0.14879845 0.94796115
-0.12485445 0.14879847 0.94796127
-0.11459244 0.14879845 0.94796115
-0.10472623 0.14873126 0.9480285
-0.095382951 0.14886566 0.94789386
-0.085516751 0.14879848 0.94796127
-0.075254738 0.14879848 0.94796115
-0.064992726 0.14879848 0.94796115
-0.054730713 0.14879848 0.94796115
-0.044468705 0.14879845 0.94796115
-0.035061866 0.14879847 0.94796115
-0.025655022 0.14879847 0.94796127
-0.015393012 0.14879847 0.94796115
-0.0051310044 0.14879845 0.94796115
0.0051310044 0.14879848 0.94796115
0.015393012 0.14879848 0.94796115
0.025655022 0.14879845 0.94796109
0.035061866 0.14879845 0.94796115
0.044468712 0.14879845 0.94796115
0.054730713 0.14879845 0.94796115
0.064992718 0.14879848 0.94796115
0.075254731 0.14879845 0.94796115
0.085516751 0.14879848 0.94796115
0.095382936 0.14886566 0.94789392
0.10472623 0.14873126 0.9480285
0.11459243 0.14879848 0.94796115
0.12485444 0.14879847 0.94796109
0.13511646 0.14879845 0.94796115
0.14537847 0.14879847 0.94796127
0.1552404 0.14886564 0.94789386
0.16459221 0.14873129 0.94802839
0.17445417 0.14879848 0.94796115
0.18471618 0.14879847 0.94796109
0.19497818 0.14879848 0.94796115
0.20524019 0.14879847 0.94796127
0.21550216 0.14879847 0.94796115
0.22535919 0.14886564 0.94789386
0.2347209 0.14873126 0.94802839
0.24457788 0.14879848 0.94796115
0.2548399 0.14879848 0.94796115
0.26510188 0.14879848 0.94796127
0.27536392 0.14879847 0.94796115
0.28521663 0.14886564 0.94789392
0.29503211 0.14879845 0.94796127
0.30484962 0.14873126 0.9480285
0.31470159 0.14879847 0.94796115
0.32496363 0.14879845 0.94796115
0.33522561 0.14879845 0.94796109
0.34507415 0.14886564 0.94789386
0.3548938 0.14879847 0.94796127
0.36515582 0.14879847 0.94796115
0.37497833 0.14873129 0.94802839
0.38482535 0.14879847 0.94796115
0.39508739 0.14879845 0.94796115
-0.39516726 0.15330555 0.94345051
-0.38516006 0.15320997 0.9435463
-0.37516189 0.15317802 0.9435783
-0.36515689 0.15320997 0.9435463
-0.35494268 0.15320997 0.9435463
-0.34493899 0.15324165 0.94351435
-0.33494017 0.15320992 0.9435463
-0.32493407 0.15330556 0.94345069
-0.31515479 0.15311457 0.94364184
-0.30514869 0.15320997 0.94354624
-0.29493448 0.15320995 0.94354635
-0.28493327 0.15317802 0.9435783
-0.27493131 0.15320994 0.94354635
-0.26493037 0.15324165 0.94351453
-0.25514403 0.15330556 0.94345069
-0.24514119 0.15320994 0.94354612
-0.23492694 0.15320992 0.94354635
-0.22492011 0.15311451 0.94364172
-0.21492316 0.15320994 0.94354624
-0.20491919 0.15317799 0.9435783
-0.19513555 0.15324166 0.94351447
-0.18513167 0.15320997 0.94354635
-0.1751408 0.15330556 0.94345075
-0.16512981 0.15320998 0.94354635
-0.1549156 0.15320995 0.94354624
-0.14470139 0.15320994 0.9435463
-0.13468538 0.15311451 0.94364184
-0.12490513 0.15317799 0.94357812
-0.11512689 0.15324169 0.94351465
-0.10535071 0.15330555 0.94345069
-0.095332675 0.15320992 0.94354635
-0.085118465 0.15320992 0.9435463
-0.074904256 0.15320994 0.9435463
-0.064690031 0.15320991 0.94354635
-0.054475825 0.15320997 0.9435463
-0.044654153 0.15307678 0.94367963
-0.035357203 0.15334305 0.94341296
-0.025535539 0.15320997 0.94354635
-0.015321323 0.15320994 0.94354647
-0.005107109 0.15320994 0.9435463
0.005107108 0.15320995 0.94354635
0.015321322 0.15320994 0.94354635
0.025535537 0.15320997 0.94354635
0.035357203 0.15334307 0.94341302
0.044654153 0.15307683 0.94367945
0.054475818 0.15320997 0.94354624
0.064690031 0.15320992 0.94354635
0.074904248 0.15320997 0.9435463
0.085118465 0.15320997 0.94354635
0.095332682 0.15320995 0.94354624
0.10535071 0.15330555 0.94345057
0.1151269 0.15324168 0.94351447
0.12490514 0.15317799 0.9435783
0.13468538 0.15311454 0.9436416
0.14470141 0.15320992 0.94354635
0.1549156 0.15320994 0.94354612
0.16512983 0.15320991 0.9435463
0.17514077 0.15330558 0.94345069
0.18513165 0.15320995 0.9435463
0.19513555 0.15324165 0.94351453
0.20491917 0.15317801 0.94357824
0.21492313 0.15320997 0.94354624
0.22492011 0.15311451 0.94364184
0.23492692 0.15320994 0.94354635
0.24514119 0.15320992 0.94354624
0.25514403 0.15330558 0.94345051
0.26493034 0.15324166 0.94351453
0.27493131 0.15320997 0.9435463
0.28493324 0.15317801 0.9435783
0.29493448 0.15320994 0.94354635
0.30514869 0.15320992 0.9435463
0.31515476 0.15311454 0.94364184
0.32493407 0.15330553 0.94345069
0.33494011 0.15320995 0.94354624
0.34493905 0.15324168 0.94351447
0.35494271 0.15320997 0.94354635
0.36515689 0.15320992 0.94354635
0.37516192 0.15317802 0.9435783
0.38516006 0.15320994 0.94354624
0.39516717 0.15330555 0.94345069
-0.39512703 0.13833724 0.95843047
-0.38519603 0.13840595 0.9583618
-0.37524164 0.13833727 0.95843053
-0.36486629 0.13833724 0.95843047
-0.35490906 0.13826858 0.95849931
-0.34497952 0.13833724 0.95843047
-0.33505213 0.1384059 0.95836169
-0.32509413 0.13833724 0.95843047
-0.31471881 0.13833725 0.95843071
-0.30475798 0.13826859 0.95849931
-0.29528281 0.13840595 0.95836198
-0.28532198 0.13833727 0.95843059
-0.27494666 0.13833724 0.95843059
-0.26457131 0.13833725 0.95843059
-0.2546069 0.1382686 0.95849931
-0.2451389 0.13840595 0.9583618
-0.23517449 0.13833727 0.95843053
-0.22479916 0.13833724 0.95843071
-0.21483187 0.13826858 0.95849919
-0.20536961 0.13840593 0.95836186
-0.19540234 0.13833727 0.95843053
-0.185027 0.13833724 0.95843053
-0.17465164 0.13833724 0.95843047
-0.16468076 0.13826856 0.95849937
-0.15522571 0.13840593 0.95836186
-0.14525482 0.13833727 0.95843053
-0.13487948 0.13833724 0.95843047
-0.12450413 0.13833725 0.95843059
-0.11499341 0.13833725 0.95843059
-0.10528464 0.13774061 0.95844448
-0.095107324 0.13833725 0.95843059
-0.084731989 0.13833727 0.95843059
-0.074754663 0.13826858 0.95849919
-0.06531249 0.13840593 0.95836186
-0.055335175 0.13833727 0.95843059
-0.044959828 0.13833724 0.95843059
-0.034584485 0.13833724 0.95843077
-0.025073752 0.13833725 0.95843059
-0.015563018 0.13833727 0.95843059
-0.0051876726 0.13833724 0.95843071
0.0051876721 0.13833727 0.95843059
0.015563018 0.13833725 0.95843071
0.025073748 0.13833725 0.95843059
0.034584485 0.13833724 0.95843047
0.044959828 0.13833727 0.95843053
0.055335175 0.13833727 0.95843053
0.06531249 0.13840593 0.95836198
0.074754663 0.13826859 0.95849931
0.084731989 0.13833725 0.95843059
0.095107339 0.13833725 0.95843059
0.10548269 0.13833725 0.95843059
0.11499342 0.13833724 0.95843047
0.12450415 0.13833727 0.95843053
0.13487948 0.13833727 0.95843059
0.14525484 0.13833725 0.95843059
0.15522571 0.13840595 0.9583618
0.16468078 0.13826859 0.95849931
0.17465164 0.13833724 0.95843059
0.18502699 0.13833725 0.95843071
0.19540234 0.13833727 0.95843053
0.20536961 0.13840595 0.95836186
0.21483187 0.13826859 0.95849937
0.22479916 0.13833724 0.95843059
0.23517448 0.13833725 0.95843071
0.24513888 0.13840593 0.95836186
0.2546069 0.13826856 0.95849931
0.26457128 0.13833727 0.95843059
0.27494663 0.13833724 0.95843059
0.28532201 0.13833724 0.95843077
0.29528281 0.13840595 0.95836186
0.30475798 0.13826858 0.95849931
0.31471881 0.13833727 0.95843053
0.32509413 0.13833727 0.95843053
0.33505213 0.13840595 0.95836186
0.34497952 0.13833724 0.95843053
0.35490906 0.13826858 0.95849919
0.36486629 0.13833727 0.95843059
0.37524167 0.13833727 0.95843059
0.38519603 0.13840593 0.95836186
0.39512706 0.13833725 0.95843047
-0.39484957 0.14359245 0.95317107
-0.38487172 0.14353921 0.95322448
-0.37490004 0.14359243 0.95317131
-0.36493 0.14364593 0.95311749
-0.3551237 0.14359227 0.95317143
-0.34497723 0.14359249 0.95317107
-0.33482483 0.1436439 0.95311981
-0.32485592 0.14348955 0.95327425
-0.31506047 0.14364593 0.95311767
-0.3050794 0.14359245 0.95317131
-0.29493293 0.1435923 0.95317137
-0.2849552 0.14364392 0.95311981
-0.27497905 0.14369568 0.95306784
-0.26501566 0.14348955 0.95327419
-0.25503728 0.14354084 0.95322275
-0.24506061 0.1435923 0.95317143
-0.23508559 0.1436439 0.9531197
-0.22511216 0.14369568 0.9530679
-0.21496686 0.14359246 0.95317113
-0.20481838 0.14348957 0.95327431
-0.19484331 0.14354086 0.95322287
-0.18504402 0.1436456 0.95311815
-0.17524526 0.14369571 0.95306778
-0.16509455 0.14359251 0.95317113
-0.15477617 0.14359243 0.95317119
-0.14478841 0.14343245 0.95333141
-0.13499755 0.14359231 0.95317149
-0.12521173 0.14375266 0.95301092
-0.11522226 0.14359243 0.95317119
-0.10490384 0.14359246 0.95317119
-0.094585434 0.14359246 0.95317113
-0.084758677 0.14342631 0.95333743
-0.075347796 0.14375266 0.95301092
-0.065349936 0.14359246 0.95317113
-0.055031527 0.14359246 0.95317107
-0.044713117 0.14359249 0.95317119
-0.0343947 0.14359251 0.95317113
-0.024936156 0.14359245 0.95317125
-0.015477614 0.14359249 0.95317107
-0.0051592053 0.14359245 0.95317119
0.0051592048 0.14359245 0.95317119
0.015477615 0.14359246 0.95317113
0.024936158 0.14359246 0.95317131
0.0343947 0.14359246 0.95317119
0.044713106 0.14359249 0.95317131
0.055031527 0.14359249 0.95317113
0.065349929 0.14359245 0.95317137
0.075347796 0.14375269 0.95301092
0.084758677 0.14342633 0.95333755
0.094585434 0.14359249 0.95317131
0.10490384 0.14359245 0.95317113
0.11522224 0.14359245 0.95317131
0.12521173 0.14375266 0.95301098
0.13499755 0.14359231 0.95317143
0.14478841 0.14343242 0.95333129
0.15477614 0.14359249 0.95317131
0.16509455 0.14359245 0.95317113
0.17524527 0.14369568 0.95306796
0.18504402 0.14364561 0.95311803
0.19484332 0.14354086 0.95322293
0.2048184 0.14348957 0.95327425
0.21496686 0.14359249 0.95317119
0.22511214 0.14369568 0.95306784
0.23508558 0.1436439 0.95311981
0.24506059 0.14359231 0.95317149
0.25503728 0.14354087 0.95322287
0.26501563 0.14348955 0.95327419
0.27497905 0.14369568 0.95306796
0.28495514 0.1436439 0.95311981
0.29493293 0.14359231 0.95317131
0.3050794 0.14359249 0.95317113
0.31506047 0.14364596 0.95311773
0.32485589 0.14348957 0.95327419
0.33482483 0.14364395 0.95311975
0.3449772 0.14359246 0.95317107
0.35512364 0.14359233 0.95317143
0.36492994 0.1436459 0.95311779
0.37490004 0.14359245 0.95317113
0.38487181 0.14353916 0.9532246
0.3948496 0.14359246 0.95317131
-0.39514801 0.12832251 0.96845323
-0.38495302 0.1284132 0.96836257
-0.37476134 0.1284131 0.96836269
-0.3648614 0.12850398 0.96827161
-0.35495991 0.12832251 0.96845323
-0.34505993 0.12841308 0.96836257
-0.33516279 0.12850398 0.96827173
-0.3249687 0.1284132 0.96836251
-0.31477186 0.12832251 0.96845323
-0.30487561 0.1284131 0.96836257
-0.29498219 0.12850398 0.96827173
-0.28506765 0.1283225 0.96845323
-0.27517417 0.1284131 0.96836257
-0.26528358 0.12850399 0.96827173
-0.25508296 0.1284132 0.96836257
-0.24487956 0.12832251 0.96845323
-0.23498985 0.1284131 0.96836257
-0.22510302 0.12850398 0.96827173
-0.21489865 0.1284132 0.96836251
-0.20469151 0.12832251 0.96845335
-0.19511417 0.12850955 0.96826607
-0.18519722 0.1284132 0.96836257
-0.17471437 0.12841322 0.96836257
-0.16479342 0.12831675 0.96845907
-0.15522385 0.12850398 0.96827161
-0.14501292 0.1284132 0.96836251
-0.1347992 0.12832251 0.96845323
-0.12523539 0.12850955 0.96826607
-0.11476324 0.12628774 0.96686405
-0.10784952 0.12799606 0.96257049
-0.094512098 0.12592991 0.96537429
-0.085344665 0.12850396 0.96827161
-0.075127169 0.1284132 0.96836251
-0.064644307 0.12841322 0.96836257
-0.055035017 0.12841319 0.96836257
-0.045425732 0.1284132 0.96836251
-0.034942869 0.12841319 0.96836251
-0.02446001 0.1284132 0.96836251
-0.01485072 0.12841319 0.96836251
-0.0052414308 0.12841319 0.96836251
0.0052414313 0.1284132 0.96836251
0.01485072 0.1284132 0.96836251
0.02446001 0.1284132 0.96836251
0.034942873 0.1284132 0.96836251
0.045425732 0.1284132 0.96836251
0.055035017 0.12841319 0.96836251
0.064644307 0.1284132 0.96836251
0.075127177 0.1284132 0.96836251
0.08534465 0.12850398 0.96827161
0.094900705 0.12831675 0.96845901
0.10482862 0.1284132 0.96836251
0.11531147 0.1284132 0.96836251
0.12523541 0.12850955 0.96826607
0.13479918 0.12832251 0.96845323
0.1450129 0.1284132 0.96836257
0.15522385 0.12850396 0.96827161
0.16479343 0.12831676 0.96845907
0.17471439 0.1284132 0.96836251
0.18519722 0.1284132 0.96836257
0.19511417 0.12850955 0.96826607
0.20469148 0.12832251 0.96845323
0.21489865 0.1284132 0.96836251
0.22510302 0.12850396 0.96827161
0.23498984 0.1284131 0.96836257
0.24487956 0.12832251 0.96845335
0.25508296 0.1284132 0.96836251
0.26528355 0.12850398 0.96827173
0.27517414 0.1284131 0.96836257
0.28506765 0.12832251 0.96845323
0.29498222 0.12850398 0.96827173
0.30487558 0.1284131 0.96836257
0.31477183 0.12832251 0.96845335
0.32496873 0.1284132 0.96836251
0.33516273 0.12850396 0.96827161
0.34505993 0.1284131 0.96836257
0.35495991 0.12832251 0.96845323
0.36486143 0.12850398 0.96827173
0.37476131 0.1284131 0.96836257
0.38495302 0.1284132 0.96836257
0.39514798 0.12832251 0.96845335
-0.39505622 0.13374712 0.96302438
-0.38505784 0.13381347 0.9629578
-0.37485433 0.1337804 0.96299094
-0.36486396 0.13378061 0.96299082
-0.35509339 0.13374713 0.96302438
-0.34509778 0.13381343 0.96295786
-0.3348929 0.1337804 0.96299106
-0.32490253 0.1337806 0.96299058
-0.31513062 0.13374715 0.96302414
-0.30513778 0.13381347 0.96295816
-0.29514697 0.13387997 0.96289128
-0.28516001 0.13368104 0.9630903
-0.27516788 0.13374715 0.96302432
-0.26517776 0.13381347 0.96295786
-0.25518975 0.13387999 0.9628914
-0.24498075 0.1337804 0.96299106
-0.2347687 0.13368101 0.96309042
-0.224999 0.13378018 0.96299118
-0.21523249 0.13387999 0.96289128
-0.2050194 0.13378043 0.962991
-0.19480313 0.13368104 0.9630903
-0.1850376 0.13378018 0.9629913
-0.17527522 0.13387999 0.96289122
-0.16505797 0.1337804 0.96299094
-0.15483764 0.13368103 0.96309066
-0.14507619 0.13378017 0.96299136
-0.13531794 0.13387999 0.96289122
-0.12509659 0.1337804 0.96299094
-0.11467185 0.13378042 0.962991
-0.10512566 0.1338132 0.96222907
-0.095551737 0.13376971 0.96291262
-0.085135169 0.1337804 0.96299094
-0.074710451 0.1337804 0.96299124
-0.064913057 0.13367134 0.96310008
-0.055403419 0.13387999 0.9628914
-0.045173761 0.13378038 0.96299106
-0.034749046 0.1337804 0.96299094
-0.024947116 0.13367133 0.96310008
-0.015446151 0.13387999 0.96289164
-0.0052123573 0.13378042 0.96299094
0.0052123573 0.13378042 0.96299106
0.01544615 0.13387999 0.96289128
0.024947116 0.13367131 0.96310031
0.034749042 0.1337804 0.962991
0.045173761 0.1337804 0.96299118
0.055403419 0.13387999 0.96289122
0.064913049 0.13367131 0.96310008
0.074710444 0.13378042 0.96299094
0.085135162 0.1337804 0.96299118
0.095360674 0.13387999 0.96289146
0.10487897 0.13367134 0.96310014
0.11467185 0.1337804 0.96299124
0.12509657 0.1337804 0.96299094
0.13531795 0.13387999 0.96289122
0.14507617 0.13378018 0.96299136
0.15483764 0.13368103 0.96309048
0.16505797 0.1337804 0.96299082
0.17527521 0.13387996 0.9628911
0.1850376 0.13378018 0.96299118
0.19480315 0.13368101 0.96309048
0.20501937 0.13378039 0.96299094
0.21523248 0.13387999 0.96289122
0.22499904 0.13378015 0.96299112
0.23476867 0.13368103 0.96309048
0.24498077 0.13378038 0.96299106
0.25518975 0.13387999 0.96289146
0.26517776 0.13381344 0.96295786
0.27516782 0.13374715 0.96302456
0.28515998 0.13368101 0.96309042
0.295147 0.13387999 0.96289128
0.30513778 0.13381344 0.9629578
0.31513062 0.13374712 0.96302414
0.32490256 0.13378061 0.96299094
0.3348929 0.13378039 0.96299094
0.34509778 0.13381344 0.96295786
0.35509342 0.13374715 0.9630242
0.3648639 0.13378061 0.962991
0.37485433 0.13378038 0.96299082
0.38505787 0.13381347 0.9629578
0.39505619 0.1337471 0.9630242
-0.3950268 0.11835498 0.97842866
-0.38486469 0.11828339 0.97850031
-0.37470043 0.11821182 0.97857207
-0.36501664 0.11835499 0.97842884
-0.35485232 0.11828341 0.97850043
-0.34468585 0.11821181 0.97857195
-0.33500642 0.11835496 0.9784286
-0.32483992 0.11828338 0.97850031
-0.31467125 0.11821181 0.97857195
-0.30499622 0.11835499 0.97842878
-0.29482755 0.11828338 0.97850019
-0.2846567 0.1182118 0.97857189
-0.27498609 0.11835498 0.97842878
-0.26481518 0.1182834 0.97850043
-0.25464207 0.11821182 0.97857213
-0.24497589 0.11835498 0.97842878
-0.2348028 0.11828338 0.97850019
-0.22509289 0.11828341 0.97850037
-0.21538304 0.11828338 0.97850031
-0.2047904 0.11828338 0.97850019
-0.1950805 0.11828339 0.97850025
-0.18537061 0.11828339 0.97850037
-0.17477803 0.11828338 0.97850019
-0.16506812 0.11828339 0.97850037
-0.15535824 0.1182834 0.97850043
-0.14476563 0.11828338 0.97850019
-0.13460897 0.1171019 0.97845989
-0.12696183 0.11598819 0.97532821
-0.11995019 0.11995019 0.97055411
-0.082512923 0.11614164 0.97439361
-0.07605245 0.11617089 0.97803617
-0.06532108 0.1182834 0.97850043
-0.054728474 0.1182834 0.97850043
-0.045018576 0.11828341 0.97850049
-0.035308693 0.1182834 0.97850043
-0.024716081 0.11828341 0.97850043
-0.015006194 0.11828339 0.97850025
-0.0052963034 0.11828338 0.97850019
0.0052963034 0.1182834 0.97850043
0.015006194 0.11828341 0.97850049
0.024716085 0.1182834 0.97850043
0.035308693 0.11828339 0.97850031
0.045018576 0.11828341 0.97850049
0.054728467 0.11828338 0.97850031
0.06532108 0.1182834 0.97850043
0.075030968 0.11828339 0.97850037
0.084740855 0.1182834 0.97850043
0.095333464 0.11828339 0.97850037
0.10504335 0.11828339 0.97850025
0.11475325 0.11828338 0.97850031
0.12534586 0.11828339 0.97850037
0.13505575 0.11828341 0.97850037
0.14476562 0.11828339 0.97850031
0.15535824 0.11828339 0.97850031
0.16506812 0.11828339 0.97850025
0.174778 0.11828338 0.97850031
0.18537062 0.11828338 0.97850019
0.1950805 0.11828339 0.97850037
0.2047904 0.11828339 0.97850031
0.21538299 0.11828339 0.97850031
0.22509289 0.11828341 0.97850049
0.2348028 0.11828338 0.97850019
0.24497586 0.11835497 0.9784286
0.25464207 0.11821179 0.97857189
0.26481518 0.11828339 0.97850031
0.27498606 0.11835498 0.97842878
0.28465667 0.11821181 0.97857207
0.29482755 0.11828338 0.97850019
0.30499622 0.11835498 0.97842878
0.31467128 0.1182118 0.97857195
0.32483995 0.1182834 0.97850043
0.33500645 0.11835498 0.97842866
0.34468582 0.1182118 0.97857189
0.35485232 0.11828339 0.97850037
0.36501664 0.11835498 0.97842866
0.37470046 0.11821182 0.97857213
0.38486472 0.11828339 0.97850037
0.3950268 0.11835498 0.97842878
-0.39486134 0.122912 0.97386813
-0.38499728 0.12308471 0.97369534
-0.37489125 0.12294889 0.97383118
-0.36478204 0.12301671 0.97376329
-0.3549026 0.1229831 0.97379702
-0.34502205 0.12294888 0.97383118
-0.33491498 0.12301669 0.97376341
-0.32503453 0.12298313 0.9737969
-0.31515288 0.12294891 0.97383118
-0.3050479 0.12301668 0.97376353
-0.29494506 0.12308474 0.97369528
-0.28484598 0.12288131 0.97389883
-0.27496144 0.12298267 0.97379738
-0.26508006 0.12308474 0.97369528
-0.25497469 0.1228813 0.97389883
-0.24487248 0.12294888 0.97383118
-0.23499689 0.12312472 0.97365516
-0.22510344 0.12288128 0.97389883
-0.21500328 0.12294888 0.97383112
-0.20513314 0.12312469 0.97365534
-0.19502133 0.12298292 0.97379714
-0.18490516 0.12284111 0.97393894
-0.17526931 0.1231247 0.97365528
-0.16515319 0.12298291 0.97379726
-0.15481816 0.12288131 0.97389877
-0.14494717 0.12298267 0.97379738
-0.13507944 0.12308473 0.97369528
-0.12490072 0.12306375 0.97352642
-0.11775378 0.12476593 0.97169471
-0.090214767 0.12437424 0.97091174
-0.084504329 0.12288987 0.97338361
-0.075137846 0.12312471 0.97365528
-0.065007113 0.1229829 0.97379714
-0.054661609 0.12288129 0.97389883
-0.045047469 0.12309422 0.97368574
-0.035138976 0.12298289 0.97379714
-0.024597287 0.12298291 0.97379714
-0.014934065 0.1229829 0.97379702
-0.0052708462 0.12298289 0.97379714
0.0052708462 0.1229829 0.97379726
0.014934065 0.1229829 0.9737972
0.024597285 0.1229829 0.97379714
0.035138972 0.12298292 0.97379714
0.045047462 0.12309417 0.97368592
0.054661609 0.12288128 0.97389901
0.065007105 0.1229829 0.97379726
0.075137839 0.12312471 0.97365528
0.084744498 0.12284108 0.97393912
0.094875239 0.12298291 0.97379726
0.10521447 0.12308474 0.97369528
0.11484174 0.12287135 0.97390872
0.12474336 0.12298292 0.97379708
0.13507947 0.12308473 0.97369528
0.14494717 0.12298265 0.97379744
0.15481816 0.12288129 0.97389877
0.16515319 0.12298292 0.97379714
0.17526934 0.1231247 0.97365528
0.18490519 0.12284108 0.97393918
0.19502133 0.12298289 0.97379714
0.20513314 0.12312467 0.97365534
0.21500328 0.12294888 0.97383124
0.22510347 0.12288129 0.97389883
0.23499689 0.12312469 0.97365528
0.24487248 0.12294888 0.97383118
0.25497472 0.12288128 0.97389883
0.26508003 0.12308474 0.97369528
0.27496141 0.1229827 0.97379738
0.28484595 0.12288128 0.97389895
0.29494506 0.12308472 0.97369534
0.30504793 0.12301672 0.97376335
0.31515288 0.12294889 0.97383118
0.3250345 0.12298311 0.97379702
0.33491498 0.12301669 0.97376341
0.34502208 0.12294888 0.97383118
0.35490263 0.12298314 0.9737969
0.36478209 0.12301673 0.97376335
0.37489125 0.12294891 0.97383118
0.38499734 0.12308473 0.97369528
0.39486131 0.122912 0.97386819
-0.39531657 0.10881474 0.98797643
-0.3850553 0.10874175 0.98804969
-0.3747918 0.10866875 0.9881227
-0.36501351 0.10881474 0.98797661
-0.35475004 0.10874175 0.98804969
-0.34494537 0.10874174 0.98804963
-0.33514079 0.10874175 0.98804969
-0.32487357 0.10866875 0.98812258
-0.31510261 0.10881474 0.98797643
-0.30483541 0.10874174 0.98804951
-0.29503077 0.10874175 0.98804951
-0.28522614 0.10874175 0.98804951
-0.2749553 0.10866875 0.98812258
-0.26519173 0.10881474 0.98797661
-0.25492087 0.10874174 0.98804951
-0.24511623 0.10874174 0.98804963
-0.23531157 0.10874175 0.98804969
-0.22503701 0.10866876 0.9881227
-0.21528086 0.10881474 0.98797661
-0.2050063 0.10874175 0.98804951
-0.19472951 0.10866875 0.98812258
-0.18497781 0.10881474 0.98797661
-0.17470102 0.10874174 0.98804969
-0.16489637 0.10874175 0.98804963
-0.15509172 0.10874175 0.98804969
-0.14465614 0.10593392 0.98677003
-0.13848601 0.10763367 0.9827916
-0.071316473 0.10754875 0.98294628
-0.065934397 0.10558499 0.98652738
-0.055262566 0.10874175 0.98804969
-0.044566587 0.10874175 0.98804969
-0.034761939 0.10874175 0.98804951
-0.024957286 0.10874175 0.98804969
-0.015152641 0.10874174 0.98804963
-0.00534799 0.10874174 0.98804933
0.0053479909 0.10874175 0.98804969
0.015152639 0.10874174 0.98804951
0.024957286 0.10874175 0.98804969
0.034761939 0.10874175 0.98804951
0.044566587 0.10874174 0.98804951
0.055262569 0.10874175 0.98804969
0.065067209 0.10874174 0.98804963
0.07487186 0.10874175 0.98804969
0.085156038 0.10881474 0.98797661
0.094892971 0.10866875 0.98812258
0.10517714 0.10874174 0.98804951
0.11498179 0.10874174 0.98804963
0.12478644 0.10874174 0.98804951
0.13506693 0.10881474 0.98797661
0.14481124 0.10866876 0.98812258
0.15509172 0.10874174 0.98804951
0.16489637 0.10874174 0.98804963
0.17470102 0.10874175 0.98804969
0.18497781 0.10881474 0.98797661
0.19472951 0.10866876 0.98812258
0.2050063 0.10874174 0.98804951
0.21528086 0.10881472 0.98797661
0.22503701 0.10866875 0.98812258
0.23531157 0.10874175 0.98804969
0.2451162 0.10874174 0.98804963
0.25492087 0.10874175 0.98804969
0.26519173 0.10881474 0.98797661
0.2749553 0.10866876 0.98812258
0.28522617 0.10874175 0.98804933
0.29503077 0.10874175 0.98804963
0.30483544 0.10874175 0.98804951
0.31510261 0.10881474 0.98797661
0.32487357 0.10866876 0.9881227
0.33514071 0.10874174 0.98804951
0.34494537 0.10874175 0.98804963
0.35475004 0.10874174 0.98804957
0.36501357 0.10881474 0.98797643
0.37479183 0.10866875 0.98812258
0.38505527 0.10874174 0.98804951
0.39531657 0.10881474 0.98797643
-0.39493388 0.11356761 0.9832198
-0.38495949 0.11353338 0.98325402
-0.37498403 0.11349848 0.98328906
-0.3647767 0.11356761 0.98321974
-0.3548013 0.11353342 0.98325408
-0.3450442 0.11353295 0.98325449
-0.33505949 0.113637 0.98315042
-0.32509443 0.11338859 0.98339903
-0.31510615 0.11356762 0.98321992
-0.30512896 0.1135334 0.98325408
-0.2951507 0.11349846 0.98328888
-0.284949 0.11356764 0.9832198
-0.2749708 0.11353339 0.98325419
-0.26499143 0.1134985 0.98328882
-0.25501627 0.11367773 0.98310953
-0.24503183 0.11342958 0.98335797
-0.23505545 0.11353292 0.98325449
-0.2250824 0.11363698 0.98315048
-0.21487045 0.11342958 0.98335779
-0.20489722 0.11353291 0.98325449
-0.19492738 0.11363697 0.9831503
-0.1849269 0.11338861 0.98339903
-0.1751975 0.11367775 0.98310953
-0.16498309 0.11353315 0.98325419
-0.15476428 0.11338861 0.98339885
-0.14504373 0.11367774 0.98310953
-0.13611723 0.11380047 0.98239887
-0.073649794 0.11362795 0.98235768
-0.064996779 0.11364663 0.98314065
-0.054994363 0.11353316 0.98325419
-0.044988487 0.11341944 0.98336822
-0.035283186 0.11363698 0.9831503
-0.024836168 0.11353315 0.98325443
-0.015079102 0.11353318 0.98325443
-0.0053220354 0.11353317 0.98325419
0.0053220354 0.11353317 0.98325425
0.015079101 0.11353318 0.98325443
0.024836162 0.11353315 0.98325425
0.035283186 0.11363699 0.9831503
0.044988491 0.11341947 0.9833681
0.054994363 0.11353318 0.98325419
0.064996772 0.11364664 0.98314065
0.074708715 0.11342958 0.98335797
0.085152566 0.11353318 0.98325437
0.095151484 0.11364662 0.98314095
0.10487009 0.11342955 0.98335797
0.11510528 0.11363699 0.9831503
0.12482825 0.11341944 0.9833681
0.13482489 0.11353315 0.98325437
0.14504372 0.11367773 0.98310953
0.15476428 0.11338859 0.98339915
0.16498311 0.11353314 0.98325419
0.17519748 0.11367775 0.98310971
0.1849269 0.11338859 0.98339897
0.19492738 0.113637 0.9831503
0.20489722 0.11353292 0.98325449
0.21487044 0.11342955 0.98335797
0.22508238 0.11363698 0.98315054
0.23505546 0.11353292 0.98325449
0.24503183 0.11342955 0.98335797
0.25501627 0.11367773 0.98310965
0.26499143 0.11349848 0.98328894
0.2749708 0.11353341 0.98325408
0.284949 0.11356761 0.98321992
0.2951507 0.11349849 0.98328894
0.30512896 0.11353338 0.98325419
0.31510615 0.11356764 0.98321974
0.32509446 0.11338858 0.98339885
0.33505946 0.11363702 0.98315042
0.3450442 0.11353293 0.98325449
0.3548013 0.1135334 0.98325402
0.3647767 0.1135676 0.98321974
0.37498403 0.11349848 0.98328912
0.38495949 0.11353341 0.98325402
0.39493382 0.11356761 0.98321998
-0.39468899 0.098937586 0.9978615
-0.3848114 0.099086456 0.99771237
-0.37488499 0.098937586 0.9978615
-0.36501029 0.099086456 0.99771237
-0.35508096 0.098937578 0.99786144
-0.34520924 0.099086456 0.99771237
-0.33484313 0.099012017 0.99778694
-0.32494184 0.099012017 0.997787
-0.31504059 0.099012017 0.99778706
-0.30513927 0.099012017 0.99778712
-0.29523802 0.099012025 0.99778694
-0.28486669 0.098937578 0.9978615
-0.27500543 0.099086456 0.99771255
-0.26506266 0.098937586 0.9978615
-0.25520432 0.099086456 0.99771255
-0.24483155 0.099012017 0.99778706
-0.23493025 0.09901201 0.99778688
-0.22502901 0.09901201 0.997787
-0.21512771 0.099012025 0.997787
-0.20522642 0.099012017 0.99778694
-0.19484839 0.098937586 0.9978615
-0.18500057 0.099086456 0.99771255
-0.17504433 0.098937586 0.99786144
-0.16443741 0.097453855 0.99762458
-0.15656687 0.09643437 0.99488616
-0.054957349 0.095910624 0.99503297
-0.045357641 0.098399282 0.99790066
-0.035104524 0.09901201 0.99778688
-0.025203245 0.099012025 0.99778694
-0.015301971 0.099012017 0.997787
-0.0054006954 0.099012017 0.997787
0.0054006963 0.099012017 0.99778694
0.015301973 0.099012025 0.99778712
0.02520325 0.099012017 0.99778706
0.035104521 0.09901201 0.99778688
0.045005798 0.099012017 0.997787
0.054907072 0.099012017 0.997787
0.064808346 0.099012025 0.99778706
0.074709624 0.09901201 0.99778688
0.084610902 0.099012017 0.99778706
0.095412292 0.099012025 0.997787
0.10531356 0.09901201 0.997787
0.11521483 0.099012017 0.997787
0.12511612 0.099012017 0.99778712
0.13501738 0.099012017 0.99778694
0.14491868 0.09901201 0.99778688
0.15481997 0.099012017 0.99778694
0.1651995 0.099086449 0.99771255
0.17504434 0.098937586 0.99786162
0.18500055 0.099086456 0.99771249
0.19484836 0.098937578 0.99786162
0.20522644 0.099012017 0.99778706
0.21512771 0.09901201 0.99778688
0.22502899 0.09901201 0.997787
0.2347036 0.096017711 0.99826241
0.24487102 0.095427483 0.99795127
0.25492963 0.095327586 0.99767828
0.26477924 0.095872819 0.9981575
0.2747623 0.096947066 0.99817753
0.28486669 0.098937586 0.99786144
0.29523802 0.099012017 0.99778706
0.30513927 0.099012017 0.99778688
0.31504059 0.099012025 0.99778706
0.32494187 0.099012017 0.99778712
0.33484313 0.09901201 0.99778694
0.34520924 0.099086449 0.99771249
0.35508096 0.098937578 0.99786144
0.36501035 0.099086449 0.99771237
0.37488499 0.098937586 0.99786144
0.3848114 0.099086456 0.99771249
0.39468899 0.098937586 0.9978615
-0.39500466 0.10389785 0.99289721
-0.38515195 0.10389833 0.99289668
-0.37507865 0.10386272 0.99293238
-0.36477128 0.10393322 0.99286169
-0.35492486 0.1038596 0.99293548
-0.3450664 0.10393324 0.99286187
-0.3349925 0.10389832 0.99289685
-0.32491735 0.10386273 0.99293238
-0.3148334 0.10404549 0.99274957
-0.30499133 0.10375066 0.9930445
-0.29490876 0.10393322 0.99286187
-0.28483301 0.10389832 0.99289668
-0.27498019 0.10389785 0.99289721
-0.26490512 0.10400396 0.992791
-0.2548244 0.1037507 0.99304444
-0.24497882 0.1040455 0.99274939
-0.23489384 0.10379246 0.99300271
-0.22505097 0.10401379 0.99278116
-0.21518627 0.10379244 0.99300277
-0.20511523 0.10389784 0.99289721
-0.19504759 0.10400397 0.99279106
-0.18494906 0.10375068 0.99304461
-0.17512424 0.1040455 0.99274939
-0.16502146 0.10379245 0.99300283
-0.15518215 0.10400575 0.9927026
-0.1483102 0.10462111 0.99123138
-0.062260993 0.10394855 0.99164802
-0.055117633 0.10404551 0.99274927
-0.044785231 0.10389809 0.99289685
-0.034932487 0.10389809 0.99289691
-0.025079733 0.1038981 0.99289697
-0.01522698 0.10389809 0.99289691
-0.0053742281 0.10389811 0.99289697
0.0053742286 0.1038981 0.99289703
0.015226981 0.10389809 0.99289691
0.025079729 0.10389808 0.99289709
0.034932487 0.10389809 0.99289691
0.044785235 0.10389808 0.99289697
0.055117641 0.1040455 0.99274945
0.064906798 0.10375068 0.9930445
0.075239189 0.10389809 0.99289697
0.085091949 0.10389809 0.99289703
0.094944693 0.10389809 0.99289697
0.10504051 0.10401379 0.99278116
0.11485666 0.10379244 0.99300271
0.12519011 0.10400395 0.99279124
0.13501069 0.10378213 0.99301302
0.14510417 0.1038981 0.99289697
0.15519413 0.10401379 0.99278116
0.16502146 0.10379245 0.99300259
0.17512424 0.1040455 0.99274945
0.18494906 0.10375066 0.99304461
0.19504759 0.10400396 0.99279112
0.20511523 0.10389784 0.99289727
0.21518624 0.10379245 0.99300259
0.22505097 0.10401379 0.99278116
0.23489386 0.10379244 0.99300271
0.24497882 0.1040455 0.99274945
0.25482437 0.10375068 0.99304467
0.26490512 0.10400395 0.99279112
0.27498022 0.10389784 0.99289709
0.28483304 0.10389833 0.99289668
0.29490876 0.10393322 0.99286181
0.30499136 0.10375068 0.99304461
0.31483343 0.10404549 0.99274939
0.32491738 0.10386271 0.99293238
0.33499253 0.10389834 0.9928968
0.3450664 0.10393322 0.99286193
0.35492492 0.1038596 0.99293548
0.36477128 0.10393321 0.99286181
0.37507871 0.10386272 0.99293238
0.38515198 0.10389832 0.99289668
0.39500466 0.10389785 0.99289721
-0.39498121 0.08901269 1.0077944
-0.38500521 0.08916454 1.0076425
-0.37498006 0.08901269 1.0077944
-0.36500704 0.08916454 1.0076423
-0.35497889 0.08901269 1.0077944
-0.34500891 0.08916454 1.0076425
-0.33497772 0.08901269 1.0077944
-0.32501078 0.08916454 1.0076423
-0.31497657 0.08901269 1.0077943
-0.30501267 0.08916454 1.0076424
-0.2949754 0.08901269 1.0077943
-0.28501451 0.08916454 1.0076424
-0.27497426 0.08901269 1.0077943
-0.26501635 0.08916454 1.0076423
-0.25497311 0.08901269 1.0077945
-0.24501823 0.08916454 1.0076425
-0.23497196 0.08901269 1.0077944
-0.22502007 0.08916454 1.0076424
-0.21497077 0.08901269 1.0077943
-0.2050219 0.08916454 1.0076424
-0.19496961 0.08901269 1.0077944
-0.18502378 0.08916454 1.0076425
-0.17443971 0.086435176 1.0062858
-0.16848278 0.088133641 1.0030273
-0.043073349 0.086457968 1.0041114
-0.036020994 0.086929627 1.0077074
-0.025038624 0.08916454 1.0076425
-0.014959171 0.08901269 1.0077944
-0.0050404803 0.08916454 1.0076425
0.0050404808 0.08916454 1.0076424
0.014959171 0.08901269 1.0077943
0.025038628 0.08916454 1.0076423
0.03496033 0.08901269 1.0077944
0.045036767 0.08916454 1.0076425
0.054961491 0.08901269 1.0077944
0.065034904 0.08916454 1.0076424
0.075662345 0.08555907 1.0069441
0.084823057 0.085882761 1.0047872
0.094694532 0.087352797 1.0030921
0.1055648 0.086723715 1.0042742
0.11522593 0.08529038 1.0057236
0.12427509 0.087524496 1.0076509
0.13496615 0.08901269 1.0077943
0.14502749 0.08916454 1.0076424
0.15496729 0.08901269 1.0077944
0.16502565 0.08916454 1.0076424
0.17550287 0.085408099 1.0076054
0.1843881 0.085812524 1.0046566
0.194552 0.08784318 1.0024652
0.20423508 0.088744238 1.0017607
0.2139667 0.089378975 1.0007821
0.28960288 0.089316778 1.0000857
0.29529974 0.089402333 1.0010437
0.30545098 0.088563412 1.00176
0.31548643 0.087665819 1.0032912
0.32511741 0.085804306 1.0060414
0.33431405 0.086845301 1.0080682
0.34500894 0.08916454 1.0076424
0.35497886 0.08901269 1.0077943
0.3650071 0.08916454 1.0076424
0.37498006 0.08901269 1.0077943
0.38550326 0.085082449 1.0060467
0.39478096 0.086611353 1.0040722
-0.39507645 0.094036072 1.0027667
-0.38511744 0.094111644 1.0026911
-0.37517509 0.094036072 1.0027666
-0.36476558 0.094107978 1.0026948
-0.35482171 0.094032891 1.0027701
-0.34486565 0.094107978 1.002695
-0.33492026 0.094032891 1.0027699
-0.32496572 0.094107971 1.0026947
-0.31479123 0.094072394 1.0027305
-0.30484092 0.094071895 1.002731
-0.29489061 0.094072387 1.0027305
-0.28494021 0.094071895 1.0027311
-0.27498993 0.094072387 1.0027305
-0.26503953 0.094071887 1.0027308
-0.25508931 0.094072394 1.0027305
-0.24513888 0.09407191 1.002731
-0.23496723 0.094180137 1.0026227
-0.22500688 0.093953893 1.002849
-0.21506873 0.094180129 1.0026226
-0.20487532 0.093921803 1.0028812
-0.19494723 0.094222516 1.0025803
-0.18497163 0.09392181 1.0028813
-0.17504954 0.094222516 1.0025802
-0.16594991 0.094376519 1.0019975
-0.051431026 0.095643699 1.0002066
-0.045014106 0.094156086 1.0023609
-0.035278454 0.094072156 1.0027306
-0.025328122 0.094072156 1.0027307
-0.015377792 0.094072156 1.0027306
-0.0054274551 0.094072141 1.0027306
0.0054274555 0.094072156 1.0027305
0.01537779 0.094072156 1.0027306
0.025328122 0.094072156 1.0027306
0.035278454 0.094072156 1.0027307
0.045228794 0.094072156 1.0027307
0.055179127 0.094072163 1.0027306
0.065129466 0.094072163 1.0027305
0.075079799 0.094072156 1.0027308
0.085030131 0.094072156 1.0027306
0.094980471 0.094072156 1.0027306
0.1049308 0.094072185 1.0027307
0.11488114 0.094072163 1.0027307
0.12483146 0.094072156 1.0027307
0.13502374 0.094190165 1.0026126
0.14494386 0.093964413 1.0028385
0.15515184 0.094222501 1.0025802
0.16506799 0.09392181 1.0028812
0.17504954 0.094222516 1.0025803
0.18497168 0.093921803 1.0028812
0.1949472 0.094222516 1.0025802
0.20483424 0.093903691 1.0026822
0.21514465 0.094011046 1.0020598
0.22494471 0.093952514 1.0014216
0.23479173 0.094819546 1.0010364
0.24552596 0.095682926 1.0006207
0.25607118 0.095885441 1.0003772
0.26569831 0.095186897 1.0008283
0.27538437 0.094627976 1.001259
0.28487521 0.094096765 1.0015891
0.29494786 0.093911089 1.0022533
0.30502957 0.094179772 1.0024984
0.31479126 0.094072409 1.0027305
0.32496572 0.094107993 1.0026947
0.33492035 0.094032906 1.0027701
0.34486568 0.094107993 1.0026947
0.35482174 0.094032913 1.0027701
0.36476561 0.094108 1.0026947
0.37517515 0.09403608 1.0027667
0.38511747 0.094111666 1.0026914
0.39507651 0.094036095 1.0027668
-0.39527929 0.078888208 1.0179267
-0.38520288 0.07904312 1.0177716
-0.37507698 0.078888208 1.0179267
-0.36500376 0.07904312 1.0177716
-0.35487476 0.0788882 1.0179267
-0.34480456 0.07904312 1.0177716
-0.33514822 0.078965664 1.0178492
-0.32504785 0.078965671 1.0178491
-0.31494749 0.078965664 1.0178492
-0.30484715 0.078965656 1.0178491
-0.29474682 0.078965656 1.0178492
-0.28508517 0.0788882 1.0179267
-0.27502561 0.07904312 1.0177716
-0.26488292 0.0788882 1.0179267
-0.25482643 0.07904312 1.0177717
-0.24516325 0.078965671 1.0178492
-0.23506285 0.078965671 1.0178491
-0.22496255 0.078965664 1.0178492
-0.21486212 0.078965664 1.0178492
-0.20476179 0.078965664 1.0178492
-0.19509329 0.078888208 1.0179268
-0.18504745 0.07904312 1.0177716
-0.1790518 0.078965671 1.0178492
-0.032137502 0.078965664 1.0178492
-0.024791786 0.078965671 1.0178492
-0.014691428 0.078965664 1.0178492
-0.004591072 0.078965671 1.0178492
0.0045910715 0.078965656 1.0178492
0.014691428 0.078965664 1.0178492
0.024791786 0.078965671 1.0178491
0.034892146 0.078965671 1.0178491
0.044992499 0.078965664 1.0178492
0.056008141 0.077677198 1.0177991
0.064018629 0.076141052 1.0145403
0.12721761 0.078883961 1.0109044
0.13548142 0.076884218 1.013219
0.14504972 0.075648293 1.0149667
0.15477131 0.076438405 1.0136901
0.16296047 0.078515321 1.0120208
0.34585732 0.077974781 1.0125409
0.3552039 0.076639429 1.0141903
0.36460006 0.076729804 1.0139654
0.373041 0.078885838 1.0117626
-0.39491764 0.08400961 1.0128014
-0.38485891 0.084086195 1.0127245
-0.37481713 0.08400961 1.0128014
-0.36521643 0.08408995 1.0127209
-0.35517308 0.084012859 1.0127982
-0.34511751 0.08408995 1.0127211
-0.33507264 0.084012859 1.0127981
-0.32501855 0.08408995 1.0127211
-0.31519926 0.084049396 1.0127616
-0.30514944 0.084049895 1.0127611
-0.29509953 0.084049389 1.0127616
-0.28504971 0.08404991 1.012761
-0.2749998 0.084049396 1.0127617
-0.26495001 0.084049888 1.0127609
-0.25490004 0.084049396 1.0127616
-0.24485025 0.084049895 1.012761
-0.23503391 0.084170021 1.0126408
-0.22520028 0.083896272 1.0129149
-0.21516675 0.084203012 1.0126076
-0.20509748 0.083896279 1.0129148
-0.19507003 0.08420302 1.0126077
-0.18499471 0.083896272 1.0129147
-0.17826915 0.084892802 1.0119175
-0.033684257 0.084332928 1.0121123
-0.024667863 0.084049635 1.0127611
-0.014617991 0.084049635 1.0127612
-0.0045681219 0.08404965 1.0127614
0.0045681219 0.084049642 1.0127614
0.014617992 0.084049642 1.0127611
0.024667861 0.084049642 1.0127612
0.034717727 0.084049642 1.0127611
0.044767596 0.084049642 1.0127614
0.054817464 0.08404965 1.0127614
0.06486208 0.084043398 1.0126836
0.071375877 0.084601909 1.0111374
0.12559396 0.084352411 1.0118624
0.13500258 0.084159806 1.0126511
0.1450219 0.083928995 1.012882
0.15487663 0.08420302 1.0126077
0.16480386 0.083853416 1.012382
0.17306125 0.085345164 1.0107529
0.32899454 0.086577512 1.0102314
0.33609799 0.084967948 1.0112327
0.34507701 0.084080316 1.0126009
0.35517311 0.084012851 1.0127982
0.36521643 0.084089942 1.0127207
0.37483546 0.08384832 1.0123185
0.38125682 0.0847959 1.0107243
-0.39467943 0.068716168 1.0281072
-0.38492879 0.068637125 1.0281861
-0.37517595 0.068558089 1.0282651
-0.36500037 0.068716168 1.028107
-0.35524756 0.068637125 1.0281861
-0.34504464 0.068637125 1.0281862
-0.33484167 0.068637125 1.0281861
-0.32508498 0.068558089 1.0282651
-0.31491712 0.068716168 1.028107
-0.30516043 0.068637125 1.0281861
-0.29495749 0.068637125 1.0281861
-0.28475457 0.068637125 1.0281861
-0.27499402 0.068558089 1.0282651
-0.2648339 0.068716168 1.0281072
-0.25507331 0.068637125 1.0281861
-0.24487038 0.068637125 1.0281861
-0.23466745 0.068637125 1.0281861
-0.22490305 0.068558089 1.0282652
-0.21475059 0.068716168 1.028107
-0.20498618 0.068637125 1.0281861
-0.19521947 0.068558089 1.0282651
-0.18600528 0.068733729 1.0280894
-0.032463875 0.068637125 1.028186
-0.025043558 0.068637125 1.0281861
-0.014840628 0.068637125 1.0281861
-0.0046376968 0.068637125 1.0281861
0.0046376968 0.068637125 1.0281861
0.014840629 0.068637125 1.0281862
0.025043562 0.068637125 1.0281862
0.035246495 0.068637125 1.0281862
0.045449428 0.068637125 1.0281862
0.054777358 0.066892177 1.0265694
-0.39498112 0.073824845 1.0229943
-0.38482973 0.073824316 1.0229949
-0.37491292 0.073783733 1.0230353
-0.36521518 0.073865712 1.0229533
-0.35507035 0.073787034 1.0230321
-0.34491315 0.073865712 1.0229533
-0.33499545 0.073824316 1.0229945
-0.32507667 0.07378374 1.0230355
-0.31514823 0.073981076 1.022838
-0.30500787 0.073668092 1.0231509
-0.29508099 0.073865704 1.0229533
-0.28516126 0.073824316 1.0229948
-0.27500993 0.073824853 1.0229942
-0.26509082 0.0739474 1.0228716
-0.25516596 0.073668092 1.0231509
-0.24502188 0.073981076 1.0228378
-0.23509224 0.073701486 1.0231179
-0.22495091 0.073936969 1.022882
-0.21478696 0.073701486 1.0231177
-0.20487286 0.073824853 1.0229943
-0.1949622 0.0739474 1.0228716
-0.18549402 0.073824584 1.0229946
-0.17950283 0.076403767 1.0204132
-0.032299954 0.073824584 1.0229945
-0.024917111 0.073824584 1.0229944
-0.014765695 0.073824584 1.0229944
-0.0046142796 0.073824584 1.0229946
0.0046142796 0.073824577 1.0229945
0.014765694 0.073824592 1.0229945
0.024917109 0.073824584 1.0229944
0.035068519 0.073824584 1.0229945
0.045219935 0.073824584 1.0229945
0.054694373 0.073934428 1.0226852
-0.39498043 0.058177315 1.0386541
-0.38512984 0.05809664 1.0387348
-0.37527686 0.058015965 1.0388156
-0.36499694 0.058177315 1.038654
-0.35514399 0.05809664 1.0387348
-0.34528878 0.058015969 1.0388155
-0.33501351 0.058177315 1.0386541
-0.32515824 0.058096636 1.0387348
-0.31530067 0.058015969 1.0388156
-0.30503005 0.058177315 1.038654
-0.29517251 0.05809664 1.0387347
-0.28531256 0.058015969 1.0388155
-0.27504659 0.058177315 1.038654
-0.2651867 0.05809664 1.0387348
-0.25532448 0.058015969 1.0388155
-0.24506316 0.058177307 1.0386541
-0.23520093 0.058096636 1.0387348
-0.22489332 0.058096636 1.0387349
-0.21458571 0.05809664 1.0387347
-0.20521514 0.05809664 1.0387348
-0.19490753 0.058096644 1.0387348
-0.18767031 0.058392435 1.0384388
-0.032796942 0.058096644 1.0387348
-0.025300499 0.058096647 1.0387348
-0.014992886 0.058096647 1.0387348
-0.0046852781 0.058096647 1.0387347
0.0046852776 0.05809664 1.0387349
0.01499289 0.058096647 1.0387348
0.025300497 0.05809664 1.0387349
0.034671057 0.058096647 1.0387348
0.044978667 0.058096644 1.038735
0.052448865 0.058067638 1.0382245
0.10035066 0.057209257 1.0396229
0.11527002 0.051543504 1.0388447
-0.39504561 0.063432753 1.0333947
-0.38502872 0.063390523 1.0334367
-0.37501064 0.063349105 1.0334784
-0.36521402 0.063432753 1.0333947
-0.35519591 0.063390523 1.0334371
-0.34517664 0.063349098 1.0334783
-0.33514288 0.063550495 1.033277
-0.32490522 0.063231096 1.0335965
-0.3148731 0.063432753 1.0333945
-0.30485299 0.063390501 1.0334369
-0.29483166 0.063349105 1.0334784
-0.28504148 0.063432753 1.0333945
-0.27502015 0.063390516 1.0334369
-0.26499769 0.063349113 1.0334783
-0.25497958 0.063550502 1.0332767
-0.24495134 0.06326516 1.0335624
-0.23493236 0.06339106 1.0334367
-0.22491686 0.063516118 1.0333112
-0.21511486 0.063265182 1.0335623
-0.20509957 0.063391052 1.0334363
-0.19508769 0.063516133 1.0333112
-0.18738742 0.063390784 1.0334367
-0.032629654 0.063390791 1.0334365
-0.025171449 0.063390784 1.0334365
-0.014916413 0.063390799 1.0334367
-0.0046613785 0.063390799 1.0334367
0.0046613794 0.063390784 1.0334365
0.014916413 0.063390784 1.0334364
0.025171449 0.063390777 1.0334365
0.034755699 0.063516133 1.0333112
0.044956353 0.06327635 1.0335512
0.052937973 0.063608438 1.0328307
-0.39446166 0.048243511 1.0485958
-0.38500211 0.048243511 1.0485958
-0.37554261 0.048243511 1.0485958
-0.36513719 0.048243511 1.0485958
-0.35473171 0.048243511 1.0485958
-0.34527218 0.048243511 1.0485958
-0.33486673 0.048243511 1.0485958
-0.32446128 0.048243511 1.0485958
-0.31500176 0.048243511 1.0485958
-0.30554226 0.048243511 1.0485958
-0.29443568 0.047121279 1.0475351
-0.2844201 0.046803676 1.0464622
-0.2752718 0.048243511 1.0485958
-0.26436415 0.046978567 1.046608
-0.25528353 0.045546792 1.0461754
-0.24500136 0.048243511 1.0485958
-0.23554185 0.048243511 1.0485958
-0.2251364 0.048243511 1.0485958
-0.21473093 0.048243511 1.0485958
-0.20527141 0.048243511 1.0485958
-0.1958119 0.048243511 1.0485958
-0.034054242 0.048243511 1.0485958
-0.025540683 0.048243511 1.0485958
-0.01513522 0.048243511 1.0485958
-0.0047297562 0.048243511 1.0485958
0.0047297562 0.048243511 1.0485958
0.015135218 0.048243511 1.0485958
0.025540683 0.048243511 1.0485958
0.035000194 0.048243511 1.0485958
0.044459708 0.048243511 1.0485958
0.052027315 0.048243511 1.0485958
0.086815596 0.045032758 1.0447404
0.095236219 0.044045214 1.0472162
0.105271 0.044190314 1.04554
0.11193286 0.047972422 1.0426928
0.39855722 0.041640867 1.0411725
-0.39510891 0.05266029 1.0441755
-0.38500449 0.052869722 1.0439658
-0.37511042 0.052699238 1.0441363
-0.36521271 0.052784625 1.0440511
-0.3550913 0.052741516 1.0440942
-0.34496871 0.052699249 1.0441366
-0.33507341 0.052784629 1.0440509
-0.32495081 0.052741513 1.0440944
-0.314827 0.052699249 1.0441366
-0.30493426 0.052784629 1.0440511
-0.2950438 0.052869719 1.0439658
-0.28515792 0.05261356 1.0442224
-0.2750307 0.052742075 1.0440936
-0.26490706 0.052869719 1.0439657
-0.25501376 0.05261356 1.0442225
-0.24512431 0.052699238 1.0441364
-0.23500685 0.052904796 1.0439308
-0.22486956 0.052613564 1.0442224
-0.21498258 0.052699242 1.0441365
-0.20487107 0.052904811 1.0439309
-0.19497123 0.052741788 1.0440938
-0.18931989 0.052741796 1.0440938
-0.033263255 0.052534647 1.044301
-0.025431031 0.052741785 1.0440938
-0.01507024 0.052741785 1.0440938
-0.0047094501 0.052741788 1.044094
0.0047094496 0.052741788 1.0440938
0.01507024 0.052741796 1.044094
0.025431031 0.052741788 1.0440941
0.034849934 0.052741785 1.0440938
0.045000363 0.052858867 1.043977
0.052446194 0.052442595 1.0443933
0.087490611 0.051172804 1.0456641
0.095130883 0.052741788 1.0440941
0.10480538 0.052869722 1.0439659
0.11149629 0.052135158 1.0444688
-0.39491197 0.038283709 1.0585636
-0.38487259 0.03819992 1.0586474
-0.3753224 0.03819992 1.0586474
-0.36527985 0.038116131 1.0587312
-0.3548044 0.038283717 1.0585635
-0.34476179 0.038199924 1.0586474
-0.3352116 0.03819992 1.0586474
-0.32516587 0.038116124 1.0587313
-0.31469676 0.038283713 1.0585635
-0.30504635 0.038302336 1.0585448
-0.25190526 0.03912165 1.0577248
-0.24528418 0.037572276 1.0579761
-0.23538698 0.038116124 1.0587313
-0.2249321 0.038283713 1.0585635
-0.21487923 0.03819992 1.0586475
-0.20532906 0.038199924 1.0586474
-0.19711903 0.038331598 1.0585157
-0.034380678 0.03819992 1.0586474
-0.024830488 0.03819992 1.0586474
-0.014325282 0.03819992 1.0586474
-0.0047750939 0.03819992 1.0586474
0.0047750939 0.03819992 1.0586474
0.014325282 0.038199924 1.0586474
0.02483049 0.03819992 1.0586474
0.035335694 0.03819992 1.0586474
0.044885885 0.038199924 1.0586474
0.053481054 0.03819992 1.0586474
-0.39497876 0.043741982 1.0531009
-0.38499886 0.043567933 1.0532751
-0.37504232 0.043828558 1.0530143
-0.36506081 0.043655109 1.0531877
-0.35507816 0.043741982 1.0531011
-0.34486857 0.043698113 1.0531449
-0.33489296 0.0436984 1.0531446
-0.32515693 0.043655116 1.0531877
-0.3151775 0.043741982 1.0531011
-0.30496624 0.04369811 1.0531448
-0.2954433 0.044181872 1.0526606
-0.28612083 0.045749992 1.0510912
-0.27480021 0.046431754 1.050409
-0.26415837 0.045623738 1.0512176
-0.25468567 0.043789934 1.0530529
-0.24487635 0.043741982 1.0531009
-0.2349052 0.043828554 1.0530144
-0.22491872 0.043567937 1.0532751
-0.21494602 0.043655112 1.053188
-0.20497572 0.043741986 1.0531009
-0.19596006 0.043859188 1.0529835
-0.034201965 0.043698397 1.0531447
-0.025382504 0.043567941 1.0532751
-0.014992082 0.043817516 1.0530254
-0.0047502741 0.0436984 1.0531446
0.0047502732 0.043698393 1.0531446
0.014992084 0.043817516 1.0530255
0.025382508 0.043567933 1.0532751
0.035152022 0.0436984 1.0531447
0.044652566 0.0436984 1.0531447
0.052253008 0.043698397 1.0531446
0.096650019 0.04642985 1.0503659
0.1013537 0.046414312 1.0500143
-0.39499873 0.028901558 1.0679529
-0.38489631 0.028986834 1.0678676
-0.37476787 0.028901558 1.0679529
-0.3651337 0.028901558 1.0679531
-0.35500205 0.028816288 1.0680385
-0.3449012 0.028901558 1.0679529
-0.33480284 0.028986834 1.0678676
-0.32467037 0.028901558 1.0679529
-0.31503624 0.028901558 1.0679529
-0.30898392 0.029839568 1.0670142
-0.24190719 0.027277999 1.0669351
-0.23461582 0.028986834 1.0678676
-0.22447538 0.028901562 1.0679531
-0.21484122 0.028901558 1.0679531
-0.20520708 0.028901558 1.0679529
-0.19872646 0.029214228 1.0676401
-0.034682892 0.028901562 1.0679529
-0.025048755 0.028901564 1.0679531
-0.014451203 0.028901558 1.067953
-0.0048170676 0.028901562 1.0679529
0.0048170681 0.028901558 1.0679529
0.014451204 0.028901558 1.067953
0.025048753 0.028901562 1.067953
0.035646304 0.028901562 1.067953
0.045280434 0.028901558 1.0679529
0.054914575 0.028901562 1.0679529
0.14849612 0.027963553 1.0688918
0.36738324 0.027963554 1.0688918
0.37220454 0.027963553 1.0688918
-0.39518896 0.033569865 1.0632812
-0.38495585 0.033685893 1.0631651
-0.37504682 0.033569735 1.0632813
-0.36513454 0.033453435 1.0633976
-0.35490254 0.033569865 1.0632812
-0.34499082 0.033569731 1.0632813
-0.33508298 0.033685889 1.0631651
-0.32516846 0.033569735 1.0632813
-0.31525069 0.033453438 1.0633976
-0.30774885 0.034101363 1.0627491
-0.24372423 0.033879671 1.0629711
-0.23500378 0.033569735 1.0632813
-0.22507612 0.033453435 1.0633976
-0.21485952 0.033569865 1.0632812
-0.20464614 0.033685889 1.0631651
-0.197595 0.033569727 1.0632812
-0.034531165 0.033569731 1.0632813
-0.024939174 0.033569735 1.0632813
-0.014387986 0.033569731 1.0632813
-0.0047959955 0.033569731 1.0632813
0.004795996 0.033569731 1.0632813
0.014387986 0.033569731 1.0632813
0.024939174 0.033569735 1.0632812
0.035490368 0.033569731 1.0632813
0.045082357 0.033569735 1.0632813
0.054407604 0.033436976 1.0634142
-0.39496461 0.018483566 1.0783793
-0.3842636 0.018483566 1.0783793
-0.37453541 0.018483566 1.0783793
-0.36480722 0.018483566 1.0783793
-0.35507903 0.018483566 1.0783793
-0.34535083 0.018483566 1.0783793
-0.33562264 0.018483566 1.0783793
-0.32492161 0.018483566 1.0783793
-0.31713909 0.018483566 1.0783793
-0.24125917 0.018483566 1.0783793
-0.23444943 0.018483566 1.0783793
-0.22472127 0.018483566 1.0783793
-0.21499304 0.018483566 1.0783793
-0.20623767 0.018483566 1.0783793
-0.034048673 0.018483566 1.0783793
-0.024320481 0.018483566 1.0783793
-0.014592288 0.018483566 1.0783793
-0.0048640962 0.018483566 1.0783793
0.0048640962 0.018483566 1.0783793
0.01459229 0.018483566 1.0783793
0.024320481 0.018483566 1.0783793
0.035021495 0.018483566 1.0783793
0.045722503 0.018483566 1.0783793
0.055450696 0.018483566 1.0783793
0.065178886 0.018483566 1.0783793
0.071015805 0.018483566 1.0783793
0.12938496 0.018483566 1.0783793
0.13522188 0.018483566 1.0783793
0.14495008 0.018483566 1.0783793
0.15467826 0.018483566 1.0783793
0.16440645 0.018483566 1.0783793
0.17510748 0.018483566 1.0783793
0.18289003 0.018483566 1.0783793
0.35799748 0.018483566 1.0783793
0.36480722 0.018483566 1.0783793
0.37453538 0.018483566 1.0783793
0.3842636 0.018483566 1.0783793
0.39204612 0.018483566 1.0783793
-0.39515641 0.023240315 1.0736187
-0.38522452 0.023285618 1.0735735
-0.37530208 0.023240315 1.0736187
-0.36513254 0.023240013 1.073619
-0.354963 0.023240317 1.0736187
-0.34503847 0.023195336 1.0736636
-0.33510783 0.023240317 1.0736187
-0.32517853 0.023285618 1.0735734
-0.31611836 0.023595812 1.0732629
-0.24190065 0.023647074 1.0732117
-0.23510379 0.023104731 1.0737543
-0.22493635 0.023195336 1.0736637
-0.21501076 0.023240319 1.0736187
-0.20508657 0.023285616 1.0735734
-0.19995376 0.026080927 1.070776
-0.034334719 0.023029655 1.0738297
-0.024736581 0.023412677 1.0734462
-0.01452787 0.023240317 1.0736187
-0.0048426236 0.023240317 1.0736187
0.0048426241 0.023240319 1.0736187
0.014527872 0.023240315 1.0736187
0.024736581 0.023412677 1.0734464
0.035311952 0.023067957 1.0737911
0.045520663 0.02324032 1.0736188
0.055205911 0.023240317 1.0736187
0.063829117 0.022134332 1.0747256
0.13652955 0.021581339 1.075279
0.14481434 0.023412682 1.0734463
0.15519965 0.023195336 1.0736636
0.16491646 0.022292748 1.0745671
0.17484854 0.020936625 1.0759243
0.35860977 0.02305139 1.0738078
0.36513254 0.023240011 1.073619
0.37530211 0.023240319 1.0736188
0.38441169 0.022419395 1.0744404
0.39135143 0.020393003 1.0764683
-0.39492875 0.0078584151 1.0890129
-0.3851046 0.0078584151 1.0890129
-0.3748039 0.0079470845 1.0889241
-0.36447486 0.0078584151 1.0890129
-0.35465071 0.0078584151 1.0890129
-0.34482661 0.0078584151 1.0890129
-0.33500251 0.0078584151 1.0890129
-0.32616079 0.0078584151 1.0890129
-0.24363819 0.0078584151 1.089013
-0.23479648 0.0078584151 1.0890129
-0.22497234 0.0078584151 1.0890129
-0.21514824 0.0078584151 1.0890129
-0.2053241 0.0078584151 1.0890129
-0.19549999 0.0078584151 1.0890129
-0.18900663 0.0075332928 1.0893383
-0.050147921 0.006883048 1.0899891
-0.043776706 0.0077500409 1.0891213
-0.034384422 0.0078584151 1.0890129
-0.024560299 0.0078584151 1.0890129
-0.01473618 0.0078584151 1.0890127
-0.0049120607 0.0078584151 1.0890129
0.0049120602 0.0078584151 1.0890129
0.014736181 0.0078584151 1.0890127
0.024560301 0.0078584151 1.0890129
0.034384422 0.0078584151 1.0890127
0.044208542 0.0078584151 1.0890129
0.055015076 0.0078584151 1.0890129
0.065821603 0.0078584151 1.0890129
0.07564573 0.0078584151 1.0890129
0.085807875 0.0055887583 1.085843
0.095244408 0.0049110586 1.0884511
0.10416763 0.0058732121 1.0847892
0.11494806 0.0067124642 1.0890679
0.123947 0.00582811 1.0887159
0.13459045 0.0078584151 1.0890129
0.14441456 0.0078584151 1.0890129
0.15476149 0.0079470845 1.0889239
0.16504434 0.0078584151 1.0890129
0.17532973 0.0077697453 1.0891017
0.18567587 0.0078584151 1.0890129
0.19353516 0.0078584151 1.089013
0.35759795 0.0078584151 1.089013
0.36447483 0.0078584151 1.0890129
0.37480384 0.0079470836 1.0889241
0.38510463 0.0078584151 1.0890129
0.39492875 0.0078584151 1.0890129
-0.3947708 0.013675881 1.0831909
-0.38499922 0.013675882 1.0831908
-0.37497926 0.013721997 1.0831448
-0.36496788 0.013675881 1.0831907
-0.35519627 0.013675882 1.0831909
-0.34517196 0.013813571 1.0830528
-0.33492863 0.013537865 1.083329
-0.32490429 0.013675882 1.0831907
-0.31861666 0.01512333 1.0817422
-0.2427399 0.013061499 1.0838058
-0.23500565 0.013675879 1.0831909
-0.22498746 0.013630095 1.0832367
-0.21497342 0.013675879 1.0831909
-0.20496069 0.013721994 1.0831447
-0.19683783 0.012496097 1.0843716
-0.041709103 0.01155227 1.0853162
-0.034200594 0.013675879 1.083191
-0.024428993 0.013675881 1.083191
-0.014657398 0.013675881 1.0831908
-0.0048857993 0.013675879 1.0831907
0.0048857993 0.013675882 1.0831909
0.014657396 0.013675881 1.0831909
0.024428993 0.013675879 1.083191
0.03447469 0.013813566 1.0830531
0.045166429 0.013550165 1.0833167
0.055698115 0.013675879 1.083191
0.065469712 0.013675879 1.0831909
0.074695237 0.013278745 1.0835882
0.084738255 0.011638351 1.08523
0.09503831 0.010777541 1.0860914
0.10581586 0.010777541 1.0860914
0.11529065 0.011503849 1.0853646
0.12550971 0.013073207 1.0837941
0.13508496 0.013630097 1.0832368
0.14533544 0.013537865 1.0833291
0.15536842 0.013675882 1.0831907
0.16514 0.013675881 1.0831909
0.17491159 0.013675881 1.083191
0.18450399 0.013523698 1.0833431
0.19159593 0.011423148 1.0854453
0.35812774 0.013675882 1.0831909
0.36496794 0.013675882 1.0831909
0.37497926 0.013721994 1.0831445
0.38499922 0.013675882 1.0831909
0.39456978 0.0135237 1.083343
-0.39552772 -0.0019834915 1.0988626
-0.38510525 -0.0020737725 1.098953
-0.37470955 -0.0019834915 1.0988625
-0.36479658 -0.0019834912 1.0988626
-0.35488358 -0.0019834917 1.0988626
-0.34497064 -0.0019834912 1.0988626
-0.33505765 -0.0019834912 1.0988626
-0.32868078 -0.0016524615 1.0985312
-0.25079829 -0.0019834917 1.0988626
-0.24485049 -0.0019834915 1.0988626
-0.2349375 -0.0019834915 1.0988626
-0.22502454 -0.0019834917 1.0988626
-0.21511154 -0.0019834917 1.0988625
-0.2051986 -0.0019834915 1.0988625
-0.1952856 -0.0019834917 1.0988625
-0.18537264 -0.0019834917 1.0988625
-0.17716442 -0.0023145219 1.0991939
-0.062066883 -0.0021821097 1.0990613
-0.054521363 -0.0019834915 1.0988625
-0.044608388 -0.0019834917 1.0988625
-0.034695413 -0.0019834915 1.0988625
-0.024782438 -0.0019834915 1.0988626
-0.014869462 -0.0019834915 1.0988626
-0.0049564871 -0.0019834917 1.0988625
0.0049564876 -0.0019834915 1.0988626
0.014869462 -0.0019834915 1.0988625
0.024782438 -0.0019834912 1.0988626
0.034695409 -0.0019834912 1.0988626
0.044608388 -0.0019834917 1.0988625
0.05452136 -0.0019834915 1.0988625
0.065846853 -0.0032249631 1.0961038
0.075736873 -0.0032851396 1.093484
0.082362264 -0.0016403574 1.0912329
0.12802827 -0.0051983721 1.0980167
0.13534614 -0.0035843302 1.098828
0.14572072 -0.0019834912 1.0988626
0.15563372 -0.0019834912 1.0988626
0.16554667 -0.0019834915 1.0988625
0.17545967 -0.0019834915 1.0988625
0.18537262 -0.0019834917 1.0988625
0.1952856 -0.0019834912 1.0988626
0.20380922 -0.0021253617 1.0990046
0.35686621 -0.0019834917 1.0988626
0.36479658 -0.0019834915 1.0988625
0.37470955 -0.0019834912 1.0988626
0.38510522 -0.0020737723 1.098953
0.39552772 -0.0019834915 1.0988625
-0.39506215 0.0029581387 1.0939171
-0.38519379 0.0029581385 1.0939171
-0.37499651 0.0029582861 1.0939169
-0.36479914 0.0029581387 1.0939171
-0.35493082 0.0029581385 1.093917
-0.34506246 0.0029581382 1.0939171
-0.33519411 0.0029581382 1.0939171
-0.32716951 0.0033955479 1.0934793
-0.25011936 0.00098861416 1.095888
-0.24476615 0.002817627 1.0940578
-0.23519473 0.0029581385 1.0939171
-0.22499746 0.0029582861 1.0939169
-0.21480013 0.0029581385 1.0939171
-0.20493178 0.0029581382 1.093917
-0.19475421 0.0030810859 1.0937939
-0.18541516 0.0026300813 1.0942453
-0.17893915 0.00098861416 1.095888
-0.053406481 0.0024214252 1.0944542
-0.044407625 0.0029581382 1.093917
-0.034539264 0.0029581385 1.0939171
-0.024670903 0.0029581385 1.0939171
-0.014802541 0.0029581385 1.0939171
-0.0049341796 0.0029581392 1.0939171
0.0049341796 0.0029581382 1.0939171
0.014802542 0.0029581385 1.0939171
0.024670901 0.0029581389 1.0939171
0.034539264 0.0029581387 1.0939171
0.044407621 0.0029581385 1.0939171
0.054275986 0.0029581387 1.0939171
0.064506523 0.0030810861 1.093794
0.074998423 0.0029582861 1.0939169
0.081888571 0.002169406 1.0936826
0.09545853 0.0049206065 1.0909078
0.10925055 0.0039377776 1.0910385
0.11525206 0.0032586013 1.0919473
0.12639055 0.0035468531 1.09284
0.13519654 0.0029581382 1.093917
0.14506491 0.0029581387 1.0939171
0.15493326 0.0029581385 1.0939171
0.16480163 0.0029581385 1.093917
0.17466998 0.0029581382 1.0939171
0.18453833 0.0029581389 1.0939171
0.1944067 0.0029581385 1.0939171
0.20122729 0.0016459101 1.0952302
0.35723343 0.0029578432 1.0939173
0.3647992 0.0029581385 1.0939171
0.37499654 0.0029582861 1.0939169
0.38519385 0.0029581387 1.0939171
0.39506218 0.0029581387 1.0939171
-0.39513639 -0.012005055 1.1088921
-0.38513291 -0.012005055 1.1088922
-0.37512943 -0.012005056 1.1088921
-0.36512601 -0.012005056 1.1088921
-0.35512254 -0.012005056 1.1088921
-0.34511912 -0.012005055 1.1088922
-0.3365013 -0.011860584 1.1087476
-0.25308731 -0.012005056 1.1088921
-0.2450846 -0.012005055 1.1088922
-0.23508115 -0.012005056 1.1088921
-0.22507767 -0.012005055 1.1088921
-0.21507423 -0.012005056 1.1088921
-0.20507078 -0.012005056 1.1088921
-0.19506732 -0.012005055 1.1088922
-0.18506387 -0.012005055 1.1088922
-0.17506042 -0.012005055 1.1088922
-0.16551788 -0.012117423 1.1090045
-0.074589305 -0.012117422 1.1090045
-0.065022446 -0.012005056 1.1088921
-0.055018984 -0.012005056 1.1088921
-0.045015536 -0.012005056 1.1088921
-0.035012085 -0.012005056 1.1088921
-0.02500863 -0.012005055 1.1088922
-0.015005179 -0.012005056 1.1088921
-0.0050017261 -0.012005056 1.1088921
0.0050017266 -0.012005055 1.1088921
0.015005179 -0.012005056 1.1088921
0.02500863 -0.012005056 1.1088921
0.035012085 -0.012005056 1.1088921
0.045015536 -0.012005055 1.1088922
0.055018991 -0.012005055 1.1088922
0.064809591 -0.014951425 1.1053188
0.070472337 -0.012903386 1.1002711
0.13904798 -0.012005055 1.1088921
0.14505006 -0.012005055 1.1088921
0.15505351 -0.012005055 1.1088922
0.16505697 -0.012005056 1.1088921
0.17506042 -0.012005055 1.1088922
0.18506387 -0.012005056 1.1088921
0.19506733 -0.012005056 1.1088921
0.20507078 -0.012005055 1.1088922
0.21465185 -0.012117422 1.1090045
0.35712323 -0.012005056 1.1088921
0.36512601 -0.012005055 1.1088922
0.37512943 -0.012005055 1.1088922
0.38513291 -0.012005055 1.1088921
0.39513639 -0.012005056 1.1088921
-0.39466843 -0.0069730282 1.1038558
-0.38471037 -0.0069730277 1.103856
-0.37475231 -0.0069730282 1.103856
-0.36479431 -0.0069730282 1.1038562
-0.35483629 -0.0069730282 1.1038562
-0.34487826 -0.0069730282 1.1038562
-0.33525673 -0.0068297791 1.1037127
-0.25242248 -0.0076411194 1.1045247
-0.24529806 -0.0069730277 1.103856
-0.23500815 -0.0069728764 1.1038558
-0.22471814 -0.0069730282 1.1038562
-0.21476011 -0.0069730282 1.103856
-0.2048021 -0.0069730282 1.1038562
-0.19484408 -0.0069730282 1.1038562
-0.18488604 -0.0069730282 1.1038562
-0.17492802 -0.0069730282 1.103856
-0.16782935 -0.0083092097 1.1051933
-0.072294757 -0.0084765367 1.1053607
-0.064727142 -0.0069730282 1.103856
-0.054769121 -0.0069730282 1.1038562
-0.044811103 -0.0069730282 1.103856
-0.034853082 -0.0069730282 1.103856
-0.024895055 -0.0069730282 1.1038562
-0.014937033 -0.0069730282 1.1038562
-0.0049790111 -0.0069730282 1.1038562
0.0049790111 -0.0069730282 1.1038562
0.014937032 -0.0069730282 1.1038562
0.024895053 -0.0069730282 1.1038562
0.034853078 -0.0069730282 1.1038562
0.044811103 -0.0069730282 1.1038562
0.054769125 -0.0069730282 1.1038562
0.063731335 -0.0069730282 1.103856
0.12818041 -0.0059615322 1.1014665
0.13458385 -0.0062372936 1.1021022
0.14439133 -0.0069730282 1.103856
0.15434936 -0.0069730282 1.1038562
0.16466147 -0.006847837 1.1037307
0.17492805 -0.0069730282 1.103856
0.18488607 -0.0069730282 1.1038562
0.1948441 -0.0069730282 1.1038562
0.20480211 -0.0069730282 1.103856
0.21193877 -0.0081753489 1.1050594
0.35682788 -0.0069730282 1.1038562
0.36479434 -0.0069730282 1.103856
0.37475237 -0.0069730282 1.1038558
0.38471037 -0.0069730282 1.1038562
0.39466843 -0.0069730282 1.1038562
-0.39437422 -0.021181224 1.1180755
-0.38428792 -0.021181224 1.1180755
-0.37420163 -0.021181224 1.1180755
-0.36411533 -0.021181224 1.1180755
-0.35503766 -0.021181224 1.1180755
-0.34595999 -0.021181224 1.1180755
-0.33990821 -0.021181224 1.1180755
-0.25518331 -0.021181224 1.1180755
-0.24509701 -0.021181224 1.1180755
-0.23501071 -0.021181224 1.1180755
-0.22492442 -0.021181224 1.1180755
-0.21483812 -0.021181224 1.1180755
-0.20475182 -0.021181224 1.1180755
-0.19466554 -0.021181224 1.1180755
-0.18457924 -0.021181224 1.1180755
-0.17449294 -0.021181224 1.1180755
-0.16440664 -0.021181224 1.1180755
-0.15432034 -0.021181224 1.1180755
-0.091785312 -0.021181226 1.1180756
-0.085733533 -0.021181226 1.1180756
-0.075647235 -0.021181226 1.1180755
-0.065560929 -0.021181226 1.1180756
-0.055474639 -0.021181226 1.1180756
-0.045388341 -0.021181226 1.1180755
-0.035302043 -0.021181226 1.1180756
-0.025215745 -0.021181226 1.1180756
-0.015129447 -0.021181226 1.1180756
-0.005043149 -0.021181226 1.1180755
0.0050431485 -0.021181224 1.1180756
0.015129447 -0.021181226 1.1180756
0.025215741 -0.021181224 1.1180755
0.035302043 -0.021181226 1.1180756
0.045388341 -0.021181226 1.1180755
0.055474631 -0.021181224 1.1180755
0.065930173 -0.028428996 1.1175245
0.13653794 -0.022254143 1.1112597
0.14423405 -0.021181224 1.1180756
0.15432036 -0.021181226 1.1180756
0.16440666 -0.021181226 1.1180755
0.17449296 -0.021181226 1.1180756
0.18457925 -0.021181226 1.1180756
0.19466554 -0.021181224 1.1180755
0.20475185 -0.021181226 1.1180756
0.21483812 -0.021181224 1.1180756
0.22391582 -0.021181226 1.1180756
0.35705492 -0.021181224 1.1180755
0.36411536 -0.021181226 1.1180756
0.37420166 -0.021181226 1.1180756
0.38428792 -0.021181226 1.1180756
0.39437425 -0.021181226 1.1180756
-0.39493856 -0.017086314 1.1139772
-0.38488922 -0.017086314 1.1139773
-0.3748399 -0.017086316 1.1139773
-0.36479062 -0.017086314 1.1139773
-0.35474125 -0.017086316 1.1139773
-0.34469196 -0.017086314 1.1139773
-0.33773485 -0.016677825 1.1135685
-0.25456786 -0.017232025 1.114123
-0.24486738 -0.01708631 1.1139773
-0.23481804 -0.017086314 1.1139773
-0.22476874 -0.017086316 1.1139772
-0.21471943 -0.017086314 1.1139772
-0.20500501 -0.017086491 1.1139774
-0.19529073 -0.017086316 1.1139773
-0.18524139 -0.017086314 1.1139773
-0.17519207 -0.017086314 1.1139773
-0.16514273 -0.01708631 1.1139773
-0.1572807 -0.017669156 1.1145606
-0.084261477 -0.017698798 1.1145903
-0.075369954 -0.017086314 1.1139773
-0.065320633 -0.017086314 1.1139773
-0.055271301 -0.017086316 1.1139772
-0.045221969 -0.017086316 1.1139773
-0.035172649 -0.017086316 1.1139773
-0.025123319 -0.017086314 1.1139772
-0.01507399 -0.017086314 1.1139773
-0.0050246641 -0.017086314 1.1139773
0.0050246641 -0.017086314 1.1139773
0.015073991 -0.017086316 1.1139772
0.025123317 -0.017086316 1.1139773
0.035172645 -0.017086314 1.1139772
0.045221969 -0.017086316 1.1139772
0.055271301 -0.017086316 1.1139772
0.13850726 -0.017893087 1.1141999
0.1454085 -0.016940426 1.1138313
0.15509339 -0.01708631 1.1139773
0.1651427 -0.017086314 1.1139772
0.17519206 -0.017086314 1.1139773
0.18524139 -0.017086314 1.1139773
0.19529071 -0.017086314 1.1139773
0.20500501 -0.017086493 1.1139774
0.21471946 -0.017086314 1.1139772
0.22220644 -0.017669158 1.1145607
0.35708362 -0.017341308 1.1142325
0.36479065 -0.017086314 1.1139773
0.37483996 -0.017086316 1.1139773
0.38488922 -0.017086316 1.1139772
0.39493856 -0.017086314 1.1139773
-0.39498326 -0.031557944 1.1284605
-0.38582131 -0.031557944 1.1284605
-0.37564135 -0.031557944 1.1284605
-0.36546135 -0.031557944 1.1284605
-0.35528138 -0.031557944 1.1284605
-0.34713736 -0.031557944 1.1284605
-0.26264352 -0.031557944 1.1284605
-0.25551754 -0.031557944 1.1284605
-0.24533756 -0.031557944 1.1284605
-0.23515758 -0.031557944 1.1284605
-0.22497758 -0.031557944 1.1284605
-0.21479762 -0.031557944 1.1284605
-0.20461765 -0.031557944 1.1284605
-0.19443765 -0.031557944 1.1284605
-0.18425766 -0.031557944 1.1284605
-0.17407769 -0.031557944 1.1284605
-0.16491571 -0.031557944 1.1284605
-0.1557537 -0.031557944 1.1284605
-0.14557375 -0.031557944 1.1284605
-0.13844776 -0.031557944 1.1284605
-0.10485381 -0.031557944 1.1284605
-0.094673827 -0.031557944 1.1284605
-0.084493853 -0.031557944 1.1284605
-0.074313864 -0.03155794 1.1284605
-0.064133883 -0.031557944 1.1284605
-0.054971904 -0.031557944 1.1284605
-0.045809917 -0.031557944 1.1284605
-0.035629936 -0.031557944 1.1284605
-0.025449956 -0.031557944 1.1284605
-0.015269972 -0.031557944 1.1284605
-0.0050899913 -0.031557944 1.1284605
0.0050899913 -0.031557944 1.1284605
0.015269972 -0.031557944 1.1284605
0.025449956 -0.031557944 1.1284605
0.035629936 -0.031557944 1.1284605
0.045809917 -0.031557944 1.1284605
0.054971904 -0.031557944 1.1284605
0.06107989 -0.031557944 1.1284605
0.13452783 -0.034002766 1.1253934
0.14557375 -0.031557944 1.1284605
0.1557537 -0.031557944 1.1284605
0.16491571 -0.031557944 1.1284605
0.17407769 -0.031557944 1.1284605
0.18425767 -0.031557944 1.1284605
0.19443765 -0.031557944 1.1284605
0.20461765 -0.031557944 1.1284605
0.21479762 -0.031557944 1.1284605
0.22497758 -0.031557944 1.1284605
0.23413959 -0.031557944 1.1284605
0.35833538 -0.031557944 1.1284605
0.36546132 -0.031557944 1.1284605
0.37564132 -0.031557944 1.1284605
0.38582131 -0.031557944 1.1284605
0.39498326 -0.031557944 1.1284605
-0.3951838 -0.026350398 1.1232487
-0.38505086 -0.026350394 1.1232485
-0.37491781 -0.02635039 1.1232487
-0.36478493 -0.026350398 1.1232487
-0.35490152 -0.026295982 1.1231941
-0.3456412 -0.025922898 1.1228209
-0.26167193 -0.027386775 1.1242861
-0.2548427 -0.026350398 1.1232488
-0.24496137 -0.026405206 1.1233037
-0.23508294 -0.026350398 1.1232487
-0.22494999 -0.026350394 1.1232485
-0.21507341 -0.026295984 1.1231942
-0.20519117 -0.02635039 1.1232487
-0.1950582 -0.026350398 1.1232487
-0.18519227 -0.026186353 1.1230845
-0.17530032 -0.026350394 1.1232487
-0.16516733 -0.026350394 1.1232487
-0.15503438 -0.02635039 1.1232487
-0.14612557 -0.027387757 1.124287
-0.13920714 -0.029467205 1.126368
-0.10214551 -0.028634006 1.1255342
-0.094265595 -0.026695855 1.1235946
-0.084852688 -0.02640521 1.1233035
-0.075245239 -0.026295984 1.1231941
-0.065640733 -0.026186356 1.1230847
-0.055731315 -0.02635039 1.1232485
-0.045598347 -0.026350394 1.1232488
-0.035465382 -0.026350394 1.1232488
-0.025332412 -0.026350394 1.1232487
-0.01519945 -0.026350398 1.1232487
-0.0050664828 -0.026350394 1.1232487
0.0050664833 -0.026350399 1.1232488
0.015199447 -0.026350394 1.1232487
0.025332415 -0.026350398 1.1232487
0.035465382 -0.026350398 1.1232488
0.04559835 -0.026350399 1.1232488
0.055731315 -0.026350398 1.1232487
0.062923901 -0.026185375 1.1224633
0.14535183 -0.026350822 1.1232492
0.15503438 -0.026350394 1.1232487
0.16516736 -0.026350394 1.1232487
0.1753003 -0.026350398 1.1232488
0.18519226 -0.026186351 1.1230844
0.1950582 -0.026350398 1.1232486
0.20519117 -0.026350398 1.1232485
0.21507341 -0.026295984 1.1231943
0.22494999 -0.026350399 1.1232486
0.23206438 -0.028079825 1.1249796
0.35769182 -0.026350396 1.1232488
0.36478493 -0.026350398 1.1232485
0.37491786 -0.026350394 1.1232486
0.38505086 -0.026350394 1.1232486
0.3951838 -0.026350398 1.1232485
-0.39560372 -0.04212923 1.1390401
-0.38532829 -0.04212923 1.1390401
-0.37505287 -0.04212923 1.1390401
-0.36477748 -0.04212923 1.1390401
-0.35552958 -0.04212923 1.1390401
-0.26510584 -0.04212923 1.1390401
-0.255858 -0.04212923 1.1390401
-0.24558258 -0.04212923 1.1390401
-0.23530714 -0.04212923 1.1390401
-0.22503173 -0.04212923 1.1390401
-0.21475632 -0.04212923 1.1390401
-0.20448089 -0.04212923 1.1390401
-0.19420546 -0.04212923 1.1390401
-0.18495759 -0.04212923 1.1390401
-0.17570971 -0.04212923 1.1390401
-0.16543429 -0.04212923 1.1390401
-0.15515886 -0.04212923 1.1390401
-0.14488345 -0.04212923 1.1390401
-0.13460802 -0.04212923 1.1390401
-0.12433259 -0.04212923 1.1390401
-0.11508472 -0.04212923 1.1390401
-0.10583685 -0.04212923 1.1390401
-0.095561422 -0.04212923 1.1390401
-0.085286006 -0.04212923 1.1390401
-0.075010583 -0.04212923 1.1390401
-0.064735152 -0.04212923 1.1390401
-0.054459732 -0.04212923 1.1390401
-0.044184312 -0.04212923 1.1390401
-0.034936436 -0.04212923 1.1390401
-0.025688553 -0.04212923 1.1390401
-0.015413131 -0.04212923 1.1390401
-0.0051377108 -0.04212923 1.1390402
0.0051377108 -0.04212923 1.1390401
0.015413132 -0.04212923 1.1390401
0.025688553 -0.04212923 1.1390401
0.034936436 -0.04212923 1.1390401
0.044184312 -0.04212923 1.1390401
0.054459732 -0.04212923 1.1390401
0.064735159 -0.04212923 1.1390401
0.072778232 -0.042029675 1.1363484
0.13666309 -0.04212923 1.1390401
0.14488344 -0.04212923 1.1390401
0.15515885 -0.04212923 1.1390401
0.16543429 -0.04212923 1.1390401
0.17570969 -0.04212923 1.1390401
0.18495758 -0.04212923 1.1390401
0.19420546 -0.04212923 1.1390401
0.20448089 -0.04212923 1.1390401
0.21475632 -0.04212923 1.1390401
0.22503173 -0.04212923 1.1390401
0.23530714 -0.04212923 1.1390401
0.24352749 -0.04212923 1.1390401
0.35861221 -0.04212923 1.1390401
0.36477748 -0.04212923 1.1390401
0.37505287 -0.04212923 1.1390401
0.38532832 -0.04212923 1.1390401
0.39560372 -0.04212923 1.1390401
-0.39478052 -0.03682385 1.1337304
-0.38480347 -0.036768429 1.133675
-0.37483728 -0.036823858 1.1337306
-0.36485282 -0.03665673 1.1335632
-0.35516196 -0.036990557 1.1338973
-0.34897149 -0.036190379 1.1330965
-0.26387009 -0.036823858 1.1337305
-0.25491753 -0.036990557 1.1338974
-0.24494775 -0.036823854 1.1337306
-0.23497376 -0.036879707 1.1337863
-0.22500363 -0.036823854 1.1337305
-0.21503489 -0.036768425 1.133675
-0.20532696 -0.036656734 1.1335632
-0.19534568 -0.036823861 1.1337305
-0.18511817 -0.036823854 1.1337305
-0.17489065 -0.03682385 1.1337305
-0.16466314 -0.03682385 1.1337304
-0.15467303 -0.036990553 1.1338973
-0.14496709 -0.036879707 1.1337863
-0.13518219 -0.036990553 1.1338973
-0.1274388 -0.039291769 1.1362004
-0.11450473 -0.03805716 1.1349648
-0.1053435 -0.036823854 1.1337305
-0.095115967 -0.036823861 1.1337305
-0.084888443 -0.036823858 1.1337305
-0.07466092 -0.036823858 1.1337304
-0.064433411 -0.036823854 1.1337304
-0.054428566 -0.036990557 1.1338975
-0.045293666 -0.036637541 1.1335441
-0.035796337 -0.036823861 1.1337304
-0.025568809 -0.036823854 1.1337305
-0.015341287 -0.036823861 1.1337306
-0.0051137623 -0.036823861 1.1337303
0.0051137623 -0.036823858 1.1337306
0.015341287 -0.036823861 1.1337306
0.025568809 -0.036823861 1.1337304
0.035796333 -0.036823858 1.1337306
0.04529367 -0.036637541 1.133544
0.054428566 -0.036990564 1.1338974
0.062950842 -0.037705448 1.1346129
0.072297886 -0.039119743 1.1351905
0.13657315 -0.036521826 1.1334283
0.14496709 -0.0368797 1.1337867
0.15467304 -0.036990564 1.1338973
0.16466315 -0.036823861 1.1337305
0.17489064 -0.03682385 1.1337306
0.18511817 -0.036823861 1.1337306
0.19534568 -0.036823861 1.1337306
0.20532697 -0.036656741 1.1335633
0.21503489 -0.036768433 1.133675
0.22500363 -0.03682385 1.1337308
0.23497376 -0.036879707 1.1337864
0.24208744 -0.038585711 1.1354939
0.35825205 -0.037276346 1.1341835
0.36485282 -0.036656737 1.1335633
0.37483731 -0.036823861 1.1337306
0.38480338 -0.036768425 1.1336751
0.39478049 -0.036823854 1.1337304
-0.39482537 -0.051815331 1.148734
-0.38496298 -0.051935919 1.1488546
-0.37513489 -0.051815331 1.1487339
-0.36530986 -0.051694743 1.1486133
-0.35751903 -0.051815331 1.1487339
-0.27218089 -0.052032389 1.1489511
-0.26474106 -0.051935919 1.1488546
-0.25547495 -0.051694743 1.1486133
-0.24560001 -0.051815331 1.1487339
-0.23523715 -0.051815331 1.148734
-0.22487429 -0.051815331 1.1487339
-0.21451139 -0.051815331 1.1487339
-0.20463012 -0.051935919 1.1488545
-0.19537666 -0.051694743 1.1486132
-0.18549536 -0.051815331 1.148734
-0.17513251 -0.051815331 1.148734
-0.16476963 -0.051815324 1.148734
-0.15440677 -0.051815331 1.1487339
-0.14451915 -0.051935915 1.1488547
-0.13527834 -0.051694743 1.1486132
-0.12539072 -0.051815324 1.148734
-0.11502786 -0.051815331 1.1487339
-0.104665 -0.051815324 1.1487339
-0.09430211 -0.051815331 1.148734
-0.084975533 -0.051815331 1.148734
-0.075648956 -0.051815331 1.148734
-0.065286085 -0.051815331 1.1487339
-0.054923214 -0.051815331 1.1487339
-0.044560343 -0.051815331 1.148734
-0.034197472 -0.051815331 1.148734
-0.024870891 -0.051815331 1.148734
-0.015544306 -0.051815331 1.148734
-0.0051814346 -0.051815331 1.148734
0.005181436 -0.051815331 1.148734
0.015544306 -0.051815331 1.148734
0.024870891 -0.051815335 1.1487341
0.034197472 -0.051815331 1.148734
0.044560347 -0.051815331 1.148734
0.054923214 -0.051815331 1.148734
0.065286085 -0.051815331 1.1487341
0.075648956 -0.051815331 1.1487341
0.084975541 -0.051815331 1.148734
0.091193259 -0.051815331 1.1487339
0.10513613 -0.051935919 1.1488547
0.11507447 -0.052280452 1.1491995
0.12539072 -0.051815331 1.148734
0.13527833 -0.051694743 1.1486133
0.14451917 -0.051935919 1.1488547
0.15440677 -0.051815331 1.148734
0.16476963 -0.051815331 1.148734
0.17513253 -0.051815331 1.148734
0.18549539 -0.051815331 1.148734
0.19537668 -0.051694743 1.1486133
0.20463012 -0.051935919 1.1488547
0.21451142 -0.051815331 1.1487339
0.22487429 -0.051815331 1.1487339
0.23523717 -0.051815331 1.148734
0.24560003 -0.051815331 1.148734
0.25352424 -0.052032389 1.1489512
0.3595916 -0.051815331 1.1487339
0.36530989 -0.051694747 1.1486133
0.37513494 -0.051815331 1.148734
0.38496307 -0.051935919 1.1488547
0.39482537 -0.051815331 1.148734
-0.39503098 -0.046416149 1.1433305
-0.38506266 -0.046569649 1.1434841
-0.37508911 -0.046416149 1.1433305
-0.36511868 -0.046416342 1.1433307
-0.35652578 -0.046220556 1.1431347
-0.27126148 -0.046416149 1.1433305
-0.265073 -0.046416152 1.1433305
-0.25475889 -0.046416152 1.1433305
-0.24477173 -0.046569645 1.1434841
-0.23481698 -0.046416149 1.1433305
-0.22484659 -0.046416346 1.1433307
-0.21524097 -0.046262469 1.1431767
-0.20525111 -0.046416141 1.1433305
-0.19493696 -0.046416149 1.1433305
-0.18462282 -0.046416149 1.1433305
-0.17462628 -0.046569638 1.1434841
-0.16502465 -0.046416339 1.1433307
-0.1554271 -0.046262473 1.1431767
-0.14542918 -0.046416149 1.1433305
-0.13511504 -0.04641616 1.1433305
-0.12480091 -0.046416149 1.1433305
-0.11448679 -0.046416145 1.1433305
-0.1044808 -0.046569645 1.1434841
-0.095272176 -0.046250854 1.1431651
-0.085607238 -0.046416152 1.1433305
-0.075293109 -0.046416149 1.1433305
-0.064978987 -0.046416152 1.1433305
-0.054664858 -0.04641616 1.1433305
-0.04435074 -0.046416149 1.1433305
-0.035068028 -0.046416149 1.1433305
-0.025785314 -0.046416149 1.1433305
-0.015471186 -0.046416156 1.1433305
-0.0051570619 -0.046416149 1.1433305
0.0051570628 -0.046416152 1.1433305
0.015471188 -0.04641616 1.1433305
0.025785314 -0.046416156 1.1433307
0.035068024 -0.04641616 1.1433305
0.04435074 -0.046416149 1.1433305
0.054664861 -0.046416149 1.1433305
0.064978987 -0.046416149 1.1433305
0.073657423 -0.046631306 1.1435459
0.085741557 -0.048208643 1.1451244
0.091968596 -0.048567686 1.1454837
0.10850228 -0.048567686 1.1454837
0.118724 -0.047490567 1.1444057
0.1251118 -0.046569638 1.1434841
0.13511504 -0.046416149 1.1433305
0.14542916 -0.046416163 1.1433303
0.1554271 -0.046262473 1.1431768
0.16502464 -0.04641635 1.1433307
0.17462626 -0.046569638 1.1434841
0.18462284 -0.046416149 1.1433305
0.19493698 -0.046416152 1.1433305
0.20525111 -0.046416156 1.1433305
0.21524097 -0.046262465 1.1431767
0.22484657 -0.04641635 1.1433307
0.23481697 -0.046416163 1.1433305
0.24477175 -0.046569645 1.1434841
0.25163662 -0.047849607 1.144765
0.35893035 -0.046415474 1.1433299
0.36511871 -0.046416342 1.1433307
0.37508902 -0.046416152 1.1433303
0.38506269 -0.046569642 1.1434841
0.39503101 -0.046416152 1.1433305
-0.39507812 -0.061665636 1.1585921
-0.3856715 -0.061665636 1.1585921
-0.3752197 -0.061665636 1.1585921
-0.36476788 -0.061665636 1.1585921
-0.35745162 -0.061665636 1.1585921
-0.27383721 -0.061665636 1.1585921
-0.26443061 -0.061665636 1.1585921
-0.25502399 -0.061665636 1.1585921
-0.24561736 -0.061665636 1.1585921
-0.23516555 -0.061665636 1.1585921
-0.22471376 -0.061665636 1.1585921
-0.21426193 -0.061665636 1.1585921
-0.20485532 -0.061665636 1.1585921
-0.19544871 -0.061665636 1.1585921
-0.1849969 -0.061665636 1.1585921
-0.17454509 -0.061665636 1.1585921
-0.16513848 -0.061665636 1.1585921
-0.15573184 -0.061665636 1.1585921
-0.14528005 -0.061665636 1.1585921
-0.13482824 -0.061665636 1.1585921
-0.12437645 -0.061665636 1.1585921
-0.11496982 -0.061665636 1.1585921
-0.1055632 -0.061665636 1.1585921
-0.0951114 -0.061665636 1.1585921
-0.084659599 -0.061665636 1.1585921
-0.074207798 -0.061665636 1.1585921
-0.064801171 -0.061665636 1.1585921
-0.055394553 -0.061665636 1.1585921
-0.044942748 -0.061665636 1.1585921
-0.034490947 -0.061665636 1.158592
-0.025084324 -0.061665632 1.158592
-0.015677702 -0.061665632 1.158592
-0.0052259006 -0.061665632 1.158592
0.0052259006 -0.061665632 1.158592
0.015677702 -0.061665632 1.158592
0.025084324 -0.061665628 1.158592
0.03449095 -0.061665636 1.1585921
0.044942748 -0.061665632 1.158592
0.055394549 -0.061665632 1.158592
0.064801171 -0.061665628 1.158592
0.07420779 -0.061665632 1.158592
0.084659591 -0.061665632 1.158592
0.095111392 -0.061665632 1.158592
0.1055632 -0.061665632 1.158592
0.11496982 -0.061665632 1.158592
0.12437644 -0.061665632 1.158592
0.13482824 -0.061665632 1.158592
0.14528005 -0.061665632 1.158592
0.15573184 -0.061665632 1.158592
0.16513847 -0.061665628 1.158592
0.17454508 -0.061665632 1.158592
0.18499689 -0.061665632 1.158592
0.1954487 -0.061665632 1.158592
0.20485531 -0.061665628 1.158592
0.21426193 -0.061665632 1.158592
0.22471376 -0.061665632 1.158592
0.23516555 -0.061665632 1.158592
0.24561734 -0.061665632 1.158592
0.25502396 -0.061665628 1.158592
0.26234022 -0.061665628 1.158592
0.36476788 -0.061665632 1.158592
0.37521967 -0.061665632 1.158592
0.38567147 -0.061665632 1.158592
0.39507812 -0.061665628 1.158592
-0.39496943 -0.057425659 1.1543486
-0.38489965 -0.05726923 1.1541921
-0.3748346 -0.057269435 1.1541922
-0.36511734 -0.057112627 1.1540353
-0.35747993 -0.057542972 1.154466
-0.27347326 -0.057488501 1.1544116
-0.26517466 -0.05711263 1.1540353
-0.25509667 -0.057269234 1.1541921
-0.24468461 -0.057269238 1.1541921
-0.23460115 -0.057425655 1.1543486
-0.22490022 -0.057269443 1.1541922
-0.21520333 -0.05711263 1.1540353
-0.20511857 -0.057269242 1.1541921
-0.19470645 -0.057269242 1.1541921
-0.18461625 -0.057425659 1.1543486
-0.17492208 -0.057269447 1.1541922
-0.16523202 -0.057112627 1.1540353
-0.15514043 -0.057269242 1.1541921
-0.14472833 -0.057269242 1.1541921
-0.13463137 -0.057425659 1.1543486
-0.12532677 -0.057100791 1.1540234
-0.11557441 -0.057269234 1.1541921
-0.1051623 -0.057269238 1.1541921
-0.094750203 -0.057269242 1.1541921
-0.084338091 -0.057269234 1.1541921
-0.074967191 -0.057269245 1.1541921
-0.06559629 -0.057269242 1.1541921
-0.055184186 -0.057269242 1.1541921
-0.044772074 -0.057269242 1.1541921
-0.034359965 -0.057269238 1.1541921
-0.024989061 -0.057269245 1.1541921
-0.015618165 -0.057269242 1.1541921
-0.0052060555 -0.057269238 1.1541921
0.0052060545 -0.057269242 1.1541921
0.015618164 -0.057269242 1.1541921
0.024989063 -0.057269242 1.1541921
0.034359965 -0.057269238 1.1541921
0.04477207 -0.057269238 1.1541921
0.055184186 -0.057269242 1.1541921
0.06559629 -0.057269238 1.1541921
0.074967183 -0.057269234 1.1541921
0.084338091 -0.057269242 1.1541921
0.094750196 -0.057269242 1.1541921
0.10516231 -0.057269242 1.1541921
0.11557443 -0.057269242 1.1541921
0.12532677 -0.057100791 1.1540234
0.13463137 -0.057425659 1.1543486
0.14472835 -0.057269238 1.1541921
0.15514044 -0.057269242 1.1541921
0.16523202 -0.057112627 1.1540353
0.17492206 -0.057269447 1.1541922
0.18461625 -0.057425652 1.1543486
0.19470645 -0.057269242 1.1541921
0.20511857 -0.057269242 1.1541921
0.21520337 -0.057112616 1.1540353
0.22490017 -0.057269443 1.1541922
0.23460117 -0.057425659 1.1543486
0.24468462 -0.05726923 1.1541921
0.25509667 -0.057269242 1.1541921
0.26159209 -0.058364164 1.155288
0.35955882 -0.058364164 1.155288
0.3651174 -0.05711263 1.1540353
0.3748346 -0.057269435 1.1541922
0.38489965 -0.057269238 1.1541921
0.3949694 -0.057425652 1.1543486
-0.39533591 -0.071688592 1.1686227
-0.38479364 -0.071688592 1.1686227
-0.37475944 -0.07181339 1.1687478
-0.36530945 -0.071563795 1.168498
-0.35890388 -0.072062992 1.1689976
-0.28322092 -0.071913227 1.1688477
-0.27515382 -0.0716886 1.168623
-0.26461154 -0.071688592 1.1686229
-0.25456443 -0.07181339 1.1687477
-0.24514014 -0.071563803 1.168498
-0.23509312 -0.071688592 1.1686227
-0.2245508 -0.071688592 1.1686227
-0.21506275 -0.071688592 1.1686229
-0.20557471 -0.071688592 1.1686227
-0.19503242 -0.071688592 1.1686227
-0.18449008 -0.071688592 1.1686227
-0.17500204 -0.071688592 1.1686229
-0.16551396 -0.071688592 1.1686229
-0.15497167 -0.071688592 1.1686229
-0.14442939 -0.071688592 1.168623
-0.13494132 -0.071688592 1.1686229
-0.12545326 -0.071688592 1.1686229
-0.11491098 -0.071688592 1.1686231
-0.10436869 -0.071688592 1.1686231
-0.094880626 -0.071688592 1.168623
-0.085392565 -0.071688592 1.1686227
-0.074850269 -0.071688592 1.1686227
-0.06430798 -0.071688592 1.1686229
-0.054819915 -0.0716886 1.168623
-0.045331851 -0.0716886 1.1686229
-0.034789559 -0.071688592 1.1686229
-0.02424727 -0.071688592 1.1686227
-0.014759209 -0.0716886 1.168623
-0.0052711465 -0.0716886 1.1686231
0.0052711456 -0.0716886 1.168623
0.014759209 -0.0716886 1.168623
0.024247272 -0.071688592 1.168623
0.034789562 -0.0716886 1.1686231
0.045331858 -0.0716886 1.1686229
0.054819919 -0.071688592 1.1686229
0.06430798 -0.071688592 1.1686231
0.074850269 -0.0716886 1.1686229
0.085392565 -0.071688592 1.1686231
0.094880626 -0.071688592 1.1686229
0.1043687 -0.0716886 1.1686229
0.11491098 -0.0716886 1.1686231
0.12545326 -0.071688592 1.1686229
0.13494134 -0.0716886 1.1686231
0.1444294 -0.0716886 1.1686231
0.15497169 -0.0716886 1.1686231
0.16551396 -0.0716886 1.1686229
0.17500205 -0.0716886 1.168623
0.18449011 -0.0716886 1.168623
0.19503239 -0.0716886 1.1686231
0.20557468 -0.0716886 1.168623
0.21506277 -0.071688592 1.1686229
0.22455081 -0.071688592 1.168623
0.23509315 -0.0716886 1.168623
0.24514014 -0.071563803 1.1684982
0.25456449 -0.071813397 1.1687479
0.26461154 -0.0716886 1.1686231
0.27267659 -0.071913227 1.1688478
0.36530945 -0.071563803 1.1684979
0.37475947 -0.07181339 1.1687479
0.38479364 -0.0716886 1.168623
0.39533591 -0.071688592 1.1686231
-0.39518818 -0.065942287 1.1628721
-0.3850508 -0.066101313 1.1630312
-0.37490937 -0.066260144 1.1631901
-0.36511493 -0.066101529 1.1630315
-0.35847348 -0.065656051 1.1625855
-0.28119069 -0.067584604 1.1645156
-0.27488503 -0.066101514 1.1630315
-0.2651071 -0.065942295 1.1628722
-0.25495189 -0.06610132 1.1630312
-0.24479267 -0.066260144 1.1631901
-0.235016 -0.066101514 1.1630315
-0.22524354 -0.065942295 1.1628721
-0.21508288 -0.06610132 1.1630312
-0.20459105 -0.066101313 1.1630312
-0.19477282 -0.066272572 1.1632026
-0.18537995 -0.065942295 1.1628721
-0.17521386 -0.06610132 1.1630312
-0.16472203 -0.06610132 1.1630313
-0.15455045 -0.066260137 1.1631901
-0.14516895 -0.065930285 1.1628599
-0.13534483 -0.066101313 1.1630312
-0.124853 -0.06610132 1.1630312
-0.11467598 -0.066260144 1.1631901
-0.10530579 -0.065930285 1.16286
-0.095475815 -0.06610132 1.1630312
-0.084983975 -0.06610132 1.1630312
-0.074492119 -0.06610132 1.1630313
-0.065049455 -0.066101313 1.1630313
-0.055606797 -0.06610132 1.1630313
-0.045114949 -0.06610132 1.1630312
-0.034623098 -0.06610132 1.1630312
-0.025180435 -0.06610132 1.1630312
-0.015737772 -0.06610132 1.1630312
-0.0052459245 -0.06610132 1.1630312
0.005245924 -0.066101313 1.1630312
0.015737772 -0.06610132 1.1630312
0.025180437 -0.06610132 1.1630312
0.034623101 -0.06610132 1.1630312
0.045114949 -0.06610132 1.1630312
0.055606794 -0.06610132 1.1630312
0.065049462 -0.066101313 1.1630313
0.074492119 -0.06610132 1.1630311
0.084983975 -0.06610132 1.1630312
0.095475823 -0.066101328 1.1630312
0.1053058 -0.065930285 1.16286
0.11467598 -0.066260137 1.1631901
0.124853 -0.06610132 1.1630312
0.13534483 -0.066101313 1.1630313
0.14516895 -0.065930285 1.16286
0.15455043 -0.066260144 1.1631901
0.16472201 -0.066101328 1.1630312
0.17521386 -0.06610132 1.1630312
0.18537998 -0.065942302 1.1628721
0.19477282 -0.066272579 1.1632025
0.20459104 -0.06610132 1.1630312
0.21508288 -0.06610132 1.1630312
0.22524354 -0.065942295 1.1628722
0.235016 -0.066101529 1.1630315
0.24479267 -0.066260137 1.1631902
0.25495189 -0.06610132 1.1630312
0.26439458 -0.06610132 1.1630312
0.27015707 -0.068327665 1.1652594
0.36511493 -0.066101514 1.1630315
0.37490937 -0.066260144 1.16319
0.3850508 -0.066101313 1.1630313
0.39518824 -0.065942295 1.1628721
-0.39453408 -0.081884436 1.1788268
-0.38496318 -0.081884436 1.1788268
-0.37539226 -0.081884436 1.1788268
-0.36475793 -0.081884436 1.1788268
-0.35625044 -0.081884436 1.1788268
-0.29350784 -0.081884436 1.1788268
-0.28500038 -0.081884436 1.1788268
-0.27542946 -0.081884436 1.1788268
-0.26479512 -0.081884436 1.1788268
-0.25522423 -0.081884436 1.1788268
-0.2456533 -0.081884436 1.1788268
-0.23501897 -0.081884436 1.1788268
-0.22438462 -0.081884436 1.1788268
-0.21481371 -0.081884436 1.1788268
-0.20524283 -0.081884436 1.1788268
-0.19460846 -0.081884436 1.1788268
-0.18503755 -0.081884436 1.1788268
-0.17546664 -0.081884436 1.1788268
-0.16483231 -0.081884436 1.1788268
-0.1552614 -0.081884436 1.1788268
-0.14569049 -0.081884436 1.1788268
-0.13505614 -0.081884436 1.1788268
-0.1244218 -0.081884436 1.1788268
-0.11485089 -0.081884436 1.1788268
-0.10527998 -0.081884436 1.1788268
-0.094645642 -0.081884436 1.1788268
-0.085074738 -0.081884436 1.1788268
-0.075503826 -0.081884436 1.1788268
-0.064869486 -0.081884436 1.1788268
-0.055298578 -0.081884436 1.1788268
-0.04572767 -0.081884436 1.1788268
-0.03509333 -0.081884436 1.1788268
-0.024458986 -0.081884436 1.1788268
-0.014888078 -0.081884436 1.1788268
-0.0053171711 -0.081884444 1.1788268
0.0053171711 -0.081884436 1.1788268
0.014888078 -0.081884436 1.1788268
0.024458986 -0.081884436 1.1788268
0.03509333 -0.081884436 1.1788268
0.04572767 -0.081884436 1.1788268
0.055298578 -0.081884436 1.1788268
0.064869486 -0.081884436 1.1788268
0.075503826 -0.081884436 1.1788268
0.08507473 -0.081884436 1.1788268
0.094645649 -0.081884436 1.1788268
0.10527998 -0.081884436 1.1788268
0.11485089 -0.081884436 1.1788268
0.12442181 -0.081884436 1.1788268
0.13505615 -0.081884436 1.1788268
0.1456905 -0.081884436 1.1788268
0.1552614 -0.081884436 1.1788268
0.16483229 -0.081884436 1.1788268
0.17546666 -0.081884436 1.1788268
0.18503755 -0.081884436 1.1788268
0.19460845 -0.081884436 1.1788268
0.2052428 -0.081884436 1.1788268
0.21481371 -0.081884436 1.1788268
0.22438462 -0.081884436 1.1788268
0.23501897 -0.081884436 1.1788268
0.2456533 -0.081884436 1.1788268
0.25522423 -0.081884436 1.1788268
0.26479512 -0.081884436 1.1788268
0.27542946 -0.081884436 1.1788268
0.28181008 -0.081884436 1.1788268
0.3668848 -0.081884436 1.1788268
0.37539229 -0.081884436 1.1788268
0.38496318 -0.081884436 1.1788268
0.39453408 -0.081884436 1.1788268
-0.39477056 -0.077171385 1.1741102
-0.38489035 -0.077495396 1.1744344
-0.37499985 -0.077333704 1.1742725
-0.36511359 -0.077171378 1.1741103
-0.35792828 -0.078089543 1.1750289
-0.29239753 -0.07884559 1.1757857
-0.28495857 -0.077333488 1.1742724
-0.27470523 -0.077495404 1.1744344
-0.26482996 -0.077333696 1.1742727
-0.25495893 -0.077171385 1.1741102
-0.2447042 -0.077333488 1.1742724
-0.23479703 -0.077508084 1.1744472
-0.22530189 -0.077171378 1.1741102
-0.2150431 -0.077333495 1.1742724
-0.2047801 -0.077495396 1.1744344
-0.19529359 -0.077159129 1.1740979
-0.18538196 -0.077333495 1.1742724
-0.17478871 -0.077333495 1.1742724
-0.16487116 -0.077508077 1.1744472
-0.1553961 -0.077171385 1.1741102
-0.14512759 -0.077333495 1.1742724
-0.13453436 -0.077333495 1.1742723
-0.12500042 -0.077333502 1.1742724
-0.11546649 -0.077333488 1.1742724
-0.10487323 -0.077333495 1.1742724
-0.094595075 -0.077495404 1.1744344
-0.085140109 -0.077159137 1.1740978
-0.075212121 -0.077333495 1.1742724
-0.064618863 -0.077333488 1.1742724
-0.055084933 -0.077333488 1.1742724
-0.045550998 -0.077333488 1.1742725
-0.034957744 -0.077333488 1.1742724
-0.02436449 -0.077333495 1.1742724
-0.014830557 -0.077333502 1.1742724
-0.0052966275 -0.077333488 1.1742724
0.0052966275 -0.077333495 1.1742724
0.014830557 -0.077333502 1.1742724
0.024364488 -0.077333488 1.1742725
0.034957744 -0.077333488 1.1742724
0.045550998 -0.077333488 1.1742724
0.055084929 -0.077333495 1.1742724
0.064618856 -0.077333488 1.1742723
0.075212121 -0.077333488 1.1742724
0.085140109 -0.077159137 1.1740979
0.094595067 -0.077495404 1.1744344
0.10487323 -0.077333488 1.1742725
0.11546649 -0.077333488 1.1742724
0.12500042 -0.077333502 1.1742723
0.13453434 -0.077333495 1.1742724
0.14512759 -0.077333495 1.1742724
0.15539609 -0.077171385 1.1741101
0.16487119 -0.077508077 1.1744472
0.17478871 -0.077333495 1.1742723
0.18538198 -0.077333488 1.1742724
0.19529359 -0.077159137 1.1740979
0.2047801 -0.077495396 1.1744344
0.21504311 -0.077333495 1.1742723
0.22530194 -0.077171385 1.1741102
0.23479703 -0.077508077 1.1744471
0.24470422 -0.077333495 1.1742723
0.25495893 -0.077171378 1.1741102
0.26482996 -0.077333704 1.1742725
0.27444685 -0.077682212 1.1746215
0.28126428 -0.079603098 1.1765437
0.3661727 -0.077127174 1.1740659
0.37499991 -0.077333696 1.1742727
0.38489032 -0.077495396 1.1744345
0.39477062 -0.077171385 1.1741102
-0.395477 -0.091099039 1.1880487
-0.38475949 -0.091099039 1.1880487
-0.3751137 -0.091099039 1.1880487
-0.36546791 -0.091099039 1.1880487
-0.35475039 -0.091099039 1.1880487
-0.3451046 -0.091099039 1.1880487
-0.33974582 -0.091099039 1.1880487
-0.30544972 -0.091099039 1.1880487
-0.29473218 -0.091099039 1.1880487
-0.28508639 -0.091099039 1.1880487
-0.27544063 -0.091099039 1.1880487
-0.26472309 -0.091099039 1.1880487
-0.2550773 -0.091099039 1.1880487
-0.24543154 -0.091099039 1.1880487
-0.234714 -0.091099039 1.1880487
-0.22506823 -0.091099039 1.1880487
-0.21542244 -0.091099039 1.1880487
-0.20470491 -0.091099039 1.1880487
-0.19505912 -0.091099039 1.1880487
-0.18541333 -0.091099039 1.1880487
-0.1746958 -0.091099039 1.1880487
-0.16505003 -0.091099039 1.1880487
-0.15540424 -0.091099039 1.1880487
-0.14468671 -0.091099039 1.1880487
-0.13504094 -0.091099039 1.1880487
-0.12539515 -0.091099039 1.1880487
-0.11467762 -0.091099039 1.1880487
-0.10503183 -0.091099039 1.1880487
-0.095386051 -0.091099039 1.1880487
-0.084668517 -0.091099039 1.1880487
-0.075022735 -0.091099039 1.1880487
-0.06537696 -0.091099039 1.1880487
-0.054659426 -0.091099039 1.1880487
-0.045013644 -0.091099039 1.1880487
-0.035367865 -0.091099039 1.1880487
-0.02465033 -0.091099039 1.1880487
-0.015004548 -0.091099039 1.1880487
-0.0053587672 -0.091099039 1.1880487
0.0053587677 -0.091099039 1.1880488
0.015004548 -0.091099046 1.1880488
0.024650332 -0.091099046 1.1880488
0.035367865 -0.091099046 1.1880488
0.045013648 -0.091099046 1.1880488
0.054659426 -0.091099046 1.1880488
0.06537696 -0.091099039 1.1880488
0.075022742 -0.091099046 1.1880488
0.084668532 -0.091099046 1.1880488
0.095386066 -0.091099046 1.1880488
0.10503183 -0.091099039 1.1880488
0.11467762 -0.091099046 1.1880488
0.12539515 -0.091099039 1.1880488
0.13504094 -0.091099039 1.1880488
0.14468673 -0.091099046 1.1880488
0.15540425 -0.091099039 1.1880487
0.16505003 -0.091099046 1.1880488
0.17469582 -0.091099046 1.1880488
0.18541336 -0.091099046 1.1880488
0.19505914 -0.091099046 1.1880488
0.20470491 -0.091099039 1.1880488
0.21542244 -0.091099046 1.1880488
0.22506823 -0.091099039 1.1880487
0.234714 -0.091099046 1.1880488
0.24543154 -0.091099039 1.1880488
0.25507733 -0.091099046 1.1880488
0.26472312 -0.091099039 1.1880487
0.27544063 -0.091099046 1.1880488
0.28508642 -0.091099046 1.1880488
0.29044518 -0.091099039 1.1880487
0.36868319 -0.091099039 1.1880488
0.37511373 -0.091099046 1.1880488
0.38475949 -0.091099039 1.1880488
0.39547703 -0.091099039 1.1880488
-0.39500335 -0.086476989 1.1834232
-0.38503724 -0.08631213 1.1832581
-0.37507725 -0.086641215 1.1835874
-0.36511111 -0.086476989 1.1834232
-0.35550293 -0.08647655 1.1834228
-0.34800449 -0.088204876 1.1851524
-0.30271423 -0.088781916 1.1857299
-0.29506272 -0.086476535 1.1834228
-0.28504401 -0.086476788 1.1834229
-0.27471074 -0.086641215 1.1835874
-0.2651301 -0.086299688 1.1832458
-0.25515169 -0.08647678 1.1834228
-0.24481432 -0.086641215 1.1835874
-0.23524234 -0.086299695 1.1832458
-0.22525945 -0.086476788 1.1834228
-0.21491793 -0.086641207 1.1835874
-0.20497398 -0.086476997 1.1834232
-0.1950344 -0.086312115 1.1832582
-0.18469141 -0.086476773 1.1834229
-0.17469802 -0.086654097 1.1836004
-0.16514632 -0.086312123 1.1832581
-0.15479916 -0.08647678 1.1834229
-0.14480129 -0.086654097 1.1836004
-0.13525821 -0.086312123 1.1832581
-0.1249069 -0.086476788 1.1834229
-0.11490457 -0.086654097 1.1836003
-0.10537013 -0.086312115 1.1832582
-0.095014662 -0.08647678 1.1834228
-0.084655009 -0.086641207 1.1835874
-0.075129248 -0.086299695 1.1832458
-0.065122403 -0.08647678 1.1834228
-0.054446597 -0.086476788 1.1834228
-0.04483838 -0.086476773 1.1834229
-0.035230152 -0.086476773 1.1834228
-0.024554348 -0.08647678 1.1834228
-0.014946125 -0.086476773 1.1834229
-0.0053379014 -0.08647678 1.1834228
0.0053379009 -0.08647678 1.1834228
0.014946125 -0.086476773 1.1834229
0.024554346 -0.08647678 1.1834229
0.035230152 -0.086476773 1.1834228
0.044838373 -0.086476773 1.1834229
0.054446597 -0.08647678 1.1834228
0.065122403 -0.086476788 1.1834228
0.075129241 -0.086299695 1.1832457
0.084655002 -0.086641215 1.1835874
0.095014654 -0.086476788 1.1834229
0.10537013 -0.08631213 1.1832582
0.11490457 -0.086654097 1.1836004
0.12490688 -0.08647678 1.1834229
0.1352582 -0.086312123 1.1832582
0.14480129 -0.086654097 1.1836003
0.15479916 -0.08647678 1.1834229
0.16514628 -0.086312123 1.1832581
0.17469802 -0.086654097 1.1836003
0.1846914 -0.086476788 1.1834229
0.1950344 -0.08631213 1.1832582
0.20497401 -0.086476989 1.1834232
0.21491791 -0.086641215 1.1835874
0.22525945 -0.08647678 1.1834232
0.23524231 -0.086299688 1.1832458
0.24481431 -0.086641215 1.1835874
0.25515169 -0.086476773 1.1834228
0.2651301 -0.086299695 1.1832458
0.27471074 -0.086641215 1.1835874
0.28373602 -0.08668606 1.1836324
0.36760214 -0.086147904 1.1830938
0.37507725 -0.086641215 1.1835874
0.38503724 -0.086312123 1.1832581
0.39500332 -0.086476989 1.1834232
-0.39518714 -0.10177179 1.19873
-0.38549024 -0.10150923 1.1984673
-0.3752009 -0.10164051 1.1985986
-0.36490822 -0.10177179 1.19873
-0.35521799 -0.10150923 1.1984671
-0.34492531 -0.10164051 1.1985986
-0.33462933 -0.10177179 1.1987301
-0.32494572 -0.10150923 1.1984673
-0.31464973 -0.10164051 1.1985986
-0.30491829 -0.10164051 1.1985986
-0.29518685 -0.10164051 1.1985987
-0.28488544 -0.10177179 1.19873
-0.27521273 -0.10150923 1.1984671
-0.26491129 -0.10164051 1.1985987
-0.25460657 -0.10177179 1.19873
-0.24494046 -0.10150923 1.1984673
-0.23463571 -0.10164051 1.1985987
-0.22490427 -0.10164051 1.1985986
-0.21517284 -0.10164051 1.1985986
-0.20486264 -0.10177179 1.19873
-0.19520748 -0.10150923 1.1984673
-0.18489727 -0.10164051 1.1985986
-0.17516583 -0.10164051 1.1985987
-0.16543439 -0.10164051 1.1985987
-0.15462168 -0.10164051 1.1985986
-0.14489026 -0.10164051 1.1985986
-0.13515881 -0.10164051 1.1985987
-0.12483983 -0.10177179 1.19873
-0.11520223 -0.10150923 1.1984673
-0.10488324 -0.10164051 1.1985986
-0.095151812 -0.10164051 1.1985986
-0.085420385 -0.10164051 1.1985986
-0.074607663 -0.10164051 1.1985986
-0.064876236 -0.10164051 1.1985986
-0.055144794 -0.10164051 1.1985987
-0.044817045 -0.10177179 1.19873
-0.035196975 -0.10150923 1.1984673
-0.024869222 -0.10164051 1.1985986
-0.015137788 -0.10164051 1.1985986
-0.0054063527 -0.10164051 1.1985986
0.0054063527 -0.10164051 1.1985986
0.015137788 -0.10164051 1.1985986
0.024869222 -0.10164051 1.1985986
0.035196975 -0.10150923 1.1984674
0.044817042 -0.10177179 1.1987301
0.055144794 -0.10164051 1.1985986
0.064876236 -0.10164051 1.1985986
0.07460767 -0.10164051 1.1985986
0.08542037 -0.10164051 1.1985987
0.095151812 -0.10164051 1.1985986
0.10488325 -0.10164051 1.1985986
0.11520223 -0.10150923 1.1984673
0.12483985 -0.10177179 1.19873
0.13515882 -0.10164051 1.1985987
0.14489026 -0.10164051 1.1985986
0.15462169 -0.10164051 1.1985986
0.16543439 -0.10164051 1.1985986
0.17516585 -0.10164051 1.1985986
0.18489727 -0.10164051 1.1985986
0.19520749 -0.10150923 1.1984673
0.20486261 -0.10177179 1.19873
0.21517284 -0.10164051 1.1985986
0.22490427 -0.10164051 1.1985986
0.23463571 -0.10164051 1.1985986
0.24494046 -0.10150923 1.1984673
0.25460654 -0.10177179 1.19873
0.26491129 -0.10164051 1.1985986
0.27521271 -0.10150923 1.1984673
0.28488544 -0.10177179 1.19873
0.29473913 -0.10177179 1.1987301
0.36871326 -0.1016405 1.1985986
0.3752009 -0.10164051 1.1985987
0.38549027 -0.10150923 1.1984673
0.39518711 -0.10177179 1.19873
-0.39524129 -0.095930718 1.1928844
-0.385194 -0.095763914 1.1927174
-0.37515101 -0.095596448 1.1925497
-0.36511007 -0.095930718 1.1928844
-0.35506696 -0.095763914 1.1927173
-0.34502822 -0.095596433 1.1925497
-0.33497882 -0.095930733 1.1928843
-0.32493994 -0.095763907 1.1927174
-0.31490543 -0.095596448 1.1925498
-0.30484754 -0.095930718 1.1928843
-0.29481292 -0.095763914 1.1927173
-0.28478265 -0.09559644 1.1925497
-0.27471632 -0.095930718 1.1928843
-0.26506042 -0.095583811 1.1925371
-0.25500366 -0.095763691 1.1927172
-0.24494244 -0.095943809 1.1928976
-0.23529521 -0.09559644 1.1925497
-0.22487666 -0.095763683 1.1927172
-0.21481085 -0.095943801 1.1928973
-0.20517242 -0.09559644 1.1925499
-0.19474964 -0.095763698 1.192717
-0.1846793 -0.095943809 1.1928974
-0.17504966 -0.095596433 1.1925497
-0.16462262 -0.095763691 1.1927172
-0.15493894 -0.095763691 1.1927171
-0.14525525 -0.095763698 1.1927172
-0.13482128 -0.095930718 1.1928843
-0.12520613 -0.095583811 1.1925372
-0.11512823 -0.095763698 1.1927172
-0.10469004 -0.095930718 1.1928844
-0.095083646 -0.095583811 1.1925372
-0.08500123 -0.095763691 1.1927171
-0.074914284 -0.095943809 1.1928976
-0.065316625 -0.095596448 1.1925498
-0.054874204 -0.095763676 1.1927172
-0.045190524 -0.095763691 1.1927173
-0.035506841 -0.095763683 1.1927172
-0.024747191 -0.095763698 1.1927172
-0.015063508 -0.095763683 1.1927172
-0.0053798244 -0.095763683 1.1927172
0.0053798244 -0.095763691 1.1927172
0.015063508 -0.095763691 1.1927171
0.024747191 -0.095763691 1.1927172
0.035506837 -0.095763698 1.1927173
0.045190528 -0.095763691 1.1927173
0.054874204 -0.095763691 1.1927171
0.065316625 -0.09559644 1.1925498
0.074914269 -0.095943809 1.1928976
0.08500123 -0.095763691 1.1927171
0.095083646 -0.095583811 1.1925372
0.10469003 -0.09593071 1.1928843
0.11512824 -0.095763698 1.1927171
0.12520611 -0.095583804 1.1925372
0.13482128 -0.095930718 1.1928844
0.14525525 -0.095763698 1.1927172
0.15493894 -0.095763691 1.1927171
0.16462262 -0.095763683 1.1927173
0.17504965 -0.095596433 1.1925499
0.18467928 -0.095943809 1.1928976
0.19474964 -0.095763698 1.1927171
0.20517242 -0.09559644 1.1925498
0.21481083 -0.095943809 1.1928973
0.22487664 -0.095763691 1.1927172
0.23529521 -0.09559644 1.1925497
0.24494243 -0.095943801 1.1928973
0.25500369 -0.095763698 1.1927173
0.26506042 -0.095583804 1.1925373
0.27471632 -0.09593071 1.1928843
0.28478262 -0.09559644 1.1925498
0.29280618 -0.096349061 1.193303
0.36833915 -0.096231379 1.1931852
0.37515101 -0.095596448 1.1925497
0.38519397 -0.095763914 1.1927176
0.39524126 -0.095930718 1.1928843
-0.3949261 -0.11236848 1.2093351
-0.38510749 -0.11236848 1.2093351
-0.3752889 -0.11236848 1.2093351
-0.36547029 -0.11236848 1.2093351
-0.3545607 -0.11236848 1.2093351
-0.34474215 -0.11236848 1.2093351
-0.33492351 -0.11236848 1.2093351
-0.32510489 -0.11236848 1.2093351
-0.31528634 -0.11236848 1.2093351
-0.30437675 -0.11236848 1.2093351
-0.29455814 -0.11236848 1.2093351
-0.28473955 -0.11236848 1.2093351
-0.27492094 -0.11236848 1.2093351
-0.26510233 -0.11236848 1.2093351
-0.25528374 -0.11236848 1.2093351
-0.24546513 -0.11236848 1.2093351
-0.23455557 -0.11236848 1.2093351
-0.22473696 -0.11236848 1.2093351
-0.21491835 -0.11236848 1.2093351
-0.20509976 -0.11236848 1.2093351
-0.19528113 -0.11236848 1.2093351
-0.18437159 -0.11236848 1.2093351
-0.17455298 -0.11236848 1.2093351
-0.16473438 -0.11236848 1.2093351
-0.15491576 -0.11236848 1.2093351
-0.14509717 -0.11236848 1.2093351
-0.13527855 -0.11236848 1.2093351
-0.12545995 -0.11236848 1.2093351
-0.1145504 -0.11236848 1.2093351
-0.10473179 -0.11236848 1.2093351
-0.094913177 -0.11236848 1.2093351
-0.085094579 -0.11236848 1.2093351
-0.075275972 -0.11236848 1.2093351
-0.064366415 -0.11236848 1.2093351
-0.054547805 -0.11236848 1.2093351
-0.044729203 -0.11236848 1.2093351
-0.034910597 -0.11236848 1.2093351
-0.025091991 -0.11236848 1.2093351
-0.015273385 -0.11236848 1.2093351
-0.005454781 -0.11236848 1.2093351
0.0054547805 -0.11236848 1.2093351
0.015273385 -0.11236848 1.2093351
0.025091991 -0.11236848 1.2093351
0.034910597 -0.11236848 1.2093351
0.044729199 -0.11236848 1.2093351
0.054547805 -0.11236848 1.2093351
0.064366415 -0.11236848 1.2093351
0.075275972 -0.11236848 1.2093351
0.085094579 -0.11236848 1.2093351
0.094913185 -0.11236848 1.2093351
0.10473179 -0.11236848 1.2093351
0.11455039 -0.11236848 1.2093351
0.12545995 -0.11236848 1.2093351
0.13527855 -0.11236848 1.2093351
0.14509717 -0.11236848 1.2093351
0.15491578 -0.11236848 1.2093351
0.16473438 -0.11236848 1.2093351
0.17455298 -0.11236848 1.2093351
0.18437159 -0.11236848 1.2093351
0.19528115 -0.11236848 1.2093351
0.20509975 -0.11236848 1.2093351
0.21491835 -0.11236848 1.2093351
0.22473696 -0.11236848 1.2093351
0.23455557 -0.11236848 1.2093351
0.24546513 -0.11236848 1.2093351
0.25528371 -0.11236848 1.2093351
0.26510233 -0.11236848 1.2093351
0.27492094 -0.11236848 1.2093351
0.28473955 -0.11236848 1.2093351
0.29455814 -0.11236848 1.2093351
0.30328581 -0.11236848 1.2093351
0.37637985 -0.11236849 1.2093351
0.38510749 -0.11236848 1.2093351
0.3949261 -0.11236848 1.2093351
-0.39481327 -0.10774986 1.2047127
-0.3850264 -0.10739604 1.2043586
-0.37525108 -0.10774986 1.2047127
-0.36510706 -0.1075797 1.2045423
-0.35496736 -0.10740889 1.2043715
-0.34482107 -0.10774983 1.2047127
-0.33504888 -0.10739602 1.2043586
-0.32525894 -0.10774983 1.2047127
-0.31512192 -0.10757972 1.2045424
-0.30498934 -0.10740889 1.2043715
-0.29482892 -0.10774983 1.2047126
-0.2850714 -0.10739601 1.2043586
-0.27491802 -0.10757947 1.2045422
-0.26476002 -0.10776318 1.204726
-0.25501132 -0.10740892 1.2043715
-0.24483676 -0.10774983 1.2047126
-0.23509394 -0.107396 1.2043586
-0.22493291 -0.10757947 1.2045422
-0.21476729 -0.10776317 1.2047261
-0.20503332 -0.1074089 1.2043715
-0.19484459 -0.10774983 1.2047127
-0.18511644 -0.107396 1.2043585
-0.17494781 -0.10757946 1.2045422
-0.16477458 -0.10776317 1.2047261
-0.15505533 -0.10740889 1.2043716
-0.14485243 -0.10774983 1.2047127
-0.13513899 -0.10739601 1.2043586
-0.12496272 -0.10757948 1.2045423
-0.11518305 -0.1075795 1.2045423
-0.10540335 -0.10757947 1.2045422
-0.094537027 -0.10757947 1.2045423
-0.084757328 -0.10757948 1.2045422
-0.074977636 -0.10757947 1.2045423
-0.065197945 -0.10757948 1.2045422
-0.055418253 -0.10757948 1.2045422
-0.044551928 -0.10757948 1.2045423
-0.034772236 -0.10757949 1.2045423
-0.024992548 -0.10757947 1.2045422
-0.015212853 -0.10757948 1.2045423
-0.0054331613 -0.10757947 1.2045422
0.0054331627 -0.10757947 1.2045422
0.015212853 -0.10757947 1.2045422
0.024992546 -0.10757947 1.2045422
0.034772236 -0.10757948 1.2045423
0.044551928 -0.10757947 1.2045422
0.055418257 -0.10757948 1.2045422
0.065197952 -0.10757947 1.2045423
0.074977636 -0.10757948 1.2045422
0.084757328 -0.10757947 1.2045422
0.09453702 -0.10757946 1.2045422
0.10540335 -0.10757948 1.2045422
0.11518303 -0.10757947 1.2045423
0.12496273 -0.10757947 1.2045422
0.13513899 -0.10739601 1.2043586
0.1448524 -0.10774983 1.2047127
0.15505533 -0.10740888 1.2043715
0.16477457 -0.10776318 1.2047261
0.17494783 -0.10757948 1.2045423
0.18511645 -0.10739604 1.2043586
0.19484457 -0.10774982 1.2047126
0.20503332 -0.1074089 1.2043715
0.21476729 -0.10776318 1.204726
0.22493292 -0.10757948 1.204542
0.23509392 -0.10739601 1.2043586
0.24483678 -0.10774983 1.2047127
0.25501132 -0.1074089 1.2043716
0.26476002 -0.10776318 1.204726
0.27491799 -0.10757948 1.204542
0.2850714 -0.10739601 1.2043586
0.29482892 -0.10774984 1.2047127
0.30264711 -0.10837501 1.2053385
0.36980739 -0.10519448 1.2021554
0.37555683 -0.10757924 1.2045419
0.38502634 -0.10739602 1.2043586
0.39481327 -0.10774984 1.2047127
-0.39479709 -0.12206817 1.2190424
-0.38489965 -0.12206817 1.2190424
-0.37500224 -0.12206817 1.2190424
-0.36510479 -0.12206817 1.2190424
-0.35520738 -0.12206817 1.2190424
-0.34530994 -0.12206817 1.2190424
-0.3354125 -0.12206817 1.2190424
-0.32441539 -0.12206817 1.2190424
-0.31451797 -0.12206817 1.2190424
-0.30462056 -0.12206817 1.2190424
-0.29472315 -0.12206817 1.2190424
-0.28482571 -0.12206817 1.2190424
-0.27492833 -0.12206817 1.2190424
-0.26503089 -0.12206817 1.2190424
-0.25513348 -0.12206817 1.2190424
-0.24523604 -0.12206817 1.2190424
-0.23533864 -0.12206817 1.2190424
-0.22544122 -0.12206817 1.2190424
-0.21444407 -0.12206817 1.2190424
-0.20454665 -0.12206817 1.2190424
-0.19464923 -0.12206817 1.2190424
-0.18475181 -0.12206817 1.2190424
-0.1748544 -0.12206817 1.2190424
-0.16495699 -0.12206817 1.2190424
-0.15505955 -0.12206817 1.2190424
-0.14516215 -0.12206817 1.2190424
-0.13526472 -0.12206817 1.2190424
-0.1253673 -0.12206817 1.2190424
-0.11546989 -0.12206817 1.2190424
-0.10447276 -0.12206817 1.2190424
-0.094575331 -0.12206817 1.2190424
-0.08467792 -0.12206817 1.2190424
-0.074780501 -0.12206817 1.2190424
-0.064883083 -0.12206817 1.2190424
-0.054985661 -0.12206817 1.2190424
-0.045088243 -0.12206817 1.2190424
-0.035190824 -0.12206817 1.2190424
-0.025293404 -0.12206817 1.2190424
-0.015395986 -0.12206817 1.2190424
-0.0054985662 -0.12206817 1.2190424
0.0054985662 -0.12206817 1.2190424
0.015395986 -0.12206817 1.2190424
0.025293404 -0.12206817 1.2190424
0.035190824 -0.12206817 1.2190424
0.045088243 -0.12206817 1.2190424
0.054985661 -0.12206817 1.2190424
0.064883083 -0.12206817 1.2190424
0.074780501 -0.12206817 1.2190424
0.08467792 -0.12206817 1.2190424
0.094575331 -0.12206817 1.2190424
0.10447276 -0.12206817 1.2190424
0.11546989 -0.12206817 1.2190424
0.12536731 -0.12206817 1.2190424
0.13526472 -0.12206817 1.2190424
0.14516215 -0.12206817 1.2190424
0.15505956 -0.12206817 1.2190424
0.16495697 -0.12206817 1.2190424
0.1748544 -0.12206817 1.2190424
0.18475181 -0.12206817 1.2190424
0.19464923 -0.12206817 1.2190424
0.20454666 -0.12206817 1.2190424
0.21444407 -0.12206817 1.2190424
0.22544122 -0.12206817 1.2190424
0.23533864 -0.12206817 1.2190424
0.24523607 -0.12206817 1.2190424
0.25513348 -0.12206817 1.2190424
0.26503086 -0.12206817 1.2190424
0.2749283 -0.12206817 1.2190424
0.28482571 -0.12206817 1.2190424
0.29472315 -0.12206817 1.2190424
0.30462056 -0.12206817 1.2190424
0.31341827 -0.12206817 1.2190424
0.37940106 -0.12206817 1.2190424
0.38489962 -0.12206817 1.2190424
0.39479706 -0.12206817 1.2190424
-0.39504051 -0.11702885 1.2139992
-0.38482454 -0.11737526 1.2143459
-0.37496233 -0.11701576 1.213986
-0.36510596 -0.11737525 1.2143459
-0.35488221 -0.11720239 1.2141727
-0.34502444 -0.11720192 1.2141725
-0.33516642 -0.11720239 1.2141727
-0.32495004 -0.11702884 1.213999
-0.31507862 -0.11738881 1.2143594
-0.30523708 -0.11702884 1.2139992
-0.29499549 -0.11737525 1.2143458
-0.28515989 -0.11701576 1.2139862
-0.27492535 -0.11720217 1.2141725
-0.26468614 -0.11738881 1.2143594
-0.25485954 -0.11702884 1.2139992
-0.24496733 -0.11738883 1.2143594
-0.23514663 -0.11702884 1.213999
-0.22488499 -0.11737526 1.2143458
-0.21507019 -0.11701576 1.213986
-0.20482486 -0.11720216 1.2141725
-0.19496696 -0.11720216 1.2141727
-0.18510911 -0.11720216 1.2141725
-0.17485605 -0.11738881 1.2143594
-0.16505614 -0.11702884 1.2139992
-0.1547745 -0.11737525 1.2143458
-0.14498046 -0.11701576 1.2139862
-0.13472438 -0.11720217 1.2141726
-0.12486649 -0.11720216 1.2141726
-0.11500861 -0.11720216 1.2141727
-0.10515073 -0.11720216 1.2141727
-0.095292844 -0.11720217 1.2141727
-0.085025989 -0.11738881 1.2143595
-0.075252719 -0.11702884 1.2139992
-0.064623885 -0.11720216 1.2141725
-0.054765999 -0.11720216 1.2141726
-0.044908125 -0.11720216 1.2141726
-0.035050243 -0.11720216 1.2141726
-0.025192361 -0.11720216 1.2141726
-0.01533448 -0.11720216 1.2141726
-0.0054766005 -0.11720217 1.2141727
0.0054766005 -0.11720216 1.2141726
0.015334482 -0.11720216 1.2141726
0.025192359 -0.11720216 1.2141726
0.035050239 -0.11720216 1.2141725
0.044908129 -0.11720216 1.2141725
0.05476601 -0.11720216 1.2141725
0.064623885 -0.11720216 1.2141726
0.075252712 -0.11702884 1.2139992
0.085025996 -0.11738881 1.2143594
0.095292844 -0.11720216 1.2141726
0.10515073 -0.11720216 1.2141727
0.11500861 -0.11720216 1.2141725
0.12486649 -0.11720216 1.2141725
0.13472436 -0.11720216 1.2141726
0.14498046 -0.11701576 1.213986
0.1547745 -0.11737525 1.2143459
0.16505612 -0.11702884 1.2139992
0.17485605 -0.11738881 1.2143594
0.18510909 -0.11720216 1.2141726
0.19496697 -0.11720216 1.2141726
0.20482485 -0.11720216 1.2141727
0.21507019 -0.11701576 1.213986
0.22488497 -0.11737526 1.2143459
0.23514661 -0.11702885 1.2139992
0.24496733 -0.11738881 1.2143595
0.25485951 -0.11702884 1.213999
0.26468614 -0.11738881 1.2143594
0.27492535 -0.11720216 1.2141726
0.28515989 -0.11701576 1.2139859
0.29499549 -0.11737526 1.2143459
0.30523708 -0.11702884 1.213999
0.31169307 -0.11962868 1.216601
0.37726855 -0.11639386 1.2133636
0.38482451 -0.11737525 1.2143458
0.39504051 -0.11702885 1.213999
-0.39466587 -0.13192484 1.2289069
-0.38468838 -0.13192484 1.2289069
-0.37471089 -0.13192484 1.2289069
-0.3647334 -0.13192484 1.2289069
-0.35475585 -0.13192484 1.2289069
-0.34477833 -0.13192484 1.2289069
-0.33480084 -0.13192484 1.2289069
-0.32482332 -0.13192484 1.2289069
-0.3148458 -0.13192484 1.2289069
-0.30486831 -0.13192484 1.2289069
-0.29489079 -0.13192484 1.2289069
-0.28491327 -0.13192484 1.2289069
-0.27493578 -0.13192484 1.2289069
-0.26495829 -0.13192484 1.2289069
-0.25498077 -0.13192484 1.2289069
-0.24500327 -0.13192484 1.2289069
-0.23502576 -0.13192484 1.2289069
-0.22504826 -0.13192484 1.2289069
-0.21507074 -0.13192484 1.2289069
-0.20509323 -0.13192484 1.2289069
-0.19511573 -0.13192484 1.2289069
-0.18513823 -0.13192484 1.2289069
-0.17516069 -0.13192484 1.2289069
-0.16518319 -0.13192484 1.2289069
-0.1552057 -0.13192484 1.2289069
-0.14522818 -0.13192484 1.2289069
-0.13525066 -0.13192484 1.2289069
-0.12527315 -0.13192484 1.2289069
-0.11529566 -0.13192484 1.2289069
-0.10531815 -0.13192484 1.2289069
-0.095340639 -0.13192484 1.2289069
-0.085363135 -0.13192484 1.2289069
-0.075385615 -0.13192484 1.2289069
-0.065408111 -0.13192484 1.2289069
-0.055430606 -0.13192484 1.2289069
-0.045453094 -0.13192484 1.2289069
-0.035475586 -0.13192484 1.2289069
-0.025498077 -0.13192484 1.2289069
-0.015520569 -0.13192484 1.2289069
-0.0055430601 -0.13192484 1.2289069
0.0055430606 -0.13192484 1.2289069
0.015520569 -0.13192484 1.2289069
0.025498077 -0.13192484 1.2289069
0.035475586 -0.13192484 1.2289069
0.045453094 -0.13192484 1.2289069
0.055430606 -0.13192484 1.2289069
0.065408118 -0.13192485 1.228907
0.07538563 -0.13192485 1.228907
0.085363135 -0.13192485 1.228907
0.095340647 -0.13192485 1.228907
0.10531815 -0.13192485 1.228907
0.11529566 -0.13192485 1.228907
0.12527317 -0.13192485 1.228907
0.13525069 -0.13192485 1.228907
0.14522819 -0.13192485 1.228907
0.1552057 -0.13192485 1.228907
0.16518322 -0.13192485 1.228907
0.17516072 -0.13192485 1.228907
0.18513823 -0.13192485 1.228907
0.19511573 -0.13192485 1.228907
0.20509326 -0.13192485 1.228907
0.21507077 -0.13192485 1.228907
0.22504826 -0.13192485 1.228907
0.23502579 -0.13192485 1.228907
0.2450033 -0.13192485 1.228907
0.2549808 -0.13192485 1.228907
0.26495832 -0.13192485 1.228907
0.27493581 -0.13192485 1.228907
0.28491333 -0.13192485 1.228907
0.29489082 -0.13192485 1.228907
0.30486834 -0.13192485 1.228907
0.31484586 -0.13192485 1.228907
0.32038891 -0.13192485 1.228907
0.38690564 -0.13192485 1.228907
0.39466593 -0.13192485 1.228907
-0.3952834 -0.12698017 1.2239584
-0.38497594 -0.1268038 1.2237818
-0.37504292 -0.12716965 1.224148
-0.36510417 -0.12680382 1.2237818
-0.35479727 -0.12715586 1.2241342
-0.34486458 -0.12679051 1.2237687
-0.33491972 -0.12715586 1.2241342
-0.32499298 -0.12679054 1.2237686
-0.31504217 -0.12715586 1.2241343
-0.30512139 -0.12679054 1.2237687
-0.29516467 -0.12715586 1.2241342
-0.28524977 -0.12679055 1.2237687
-0.27528715 -0.12715586 1.2241342
-0.26537821 -0.12679051 1.2237687
-0.25505814 -0.12697995 1.2239583
-0.2447333 -0.12716962 1.224148
-0.23483348 -0.1268038 1.2237818
-0.22485553 -0.12716964 1.224148
-0.21496168 -0.12680383 1.2237819
-0.20497778 -0.12716961 1.224148
-0.19508991 -0.12680382 1.2237818
-0.18510005 -0.12716962 1.224148
-0.17521811 -0.12680383 1.2237819
-0.16485652 -0.12715584 1.2241343
-0.15498057 -0.12679052 1.2237687
-0.144979 -0.12715586 1.2241343
-0.13510898 -0.12679052 1.2237687
-0.1247687 -0.12697996 1.2239581
-0.11483136 -0.12697995 1.2239583
-0.10489404 -0.12697993 1.2239583
-0.094956696 -0.12697995 1.2239581
-0.085019365 -0.12697996 1.2239583
-0.075082049 -0.12697995 1.2239583
-0.065144718 -0.12697996 1.2239581
-0.055207383 -0.12697996 1.2239583
-0.045270059 -0.12697996 1.2239583
-0.035332728 -0.12697996 1.2239581
-0.025395399 -0.12697993 1.2239583
-0.01545807 -0.12697993 1.2239581
-0.0055207387 -0.12697996 1.2239583
0.0055207387 -0.12697996 1.2239583
0.01545807 -0.12697995 1.2239581
0.025395401 -0.12697996 1.2239584
0.035332728 -0.12697993 1.2239583
0.045270052 -0.12697996 1.2239583
0.055207387 -0.12697996 1.2239581
0.06514471 -0.12697993 1.2239581
0.075082041 -0.12697996 1.2239583
0.08501938 -0.12697993 1.2239584
0.094956703 -0.12697993 1.2239581
0.10489404 -0.12697996 1.2239584
0.11483137 -0.12697993 1.2239583
0.1247687 -0.12697995 1.2239581
0.13510898 -0.12679052 1.2237687
0.144979 -0.12715583 1.2241342
0.15498056 -0.12679054 1.2237686
0.16485652 -0.12715586 1.2241343
0.17521812 -0.12680383 1.2237818
0.18510006 -0.12716964 1.224148
0.19508992 -0.12680382 1.2237822
0.20497781 -0.12716964 1.224148
0.21496169 -0.1268038 1.2237818
0.22485553 -0.12716964 1.224148
0.23483349 -0.1268038 1.2237819
0.2447333 -0.12716964 1.224148
0.25505811 -0.12697996 1.2239581
0.26537824 -0.12679051 1.2237686
0.27528718 -0.12715583 1.2241343
0.2852498 -0.12679054 1.2237687
0.29516467 -0.12715584 1.2241342
0.30512139 -0.12679054 1.2237687
0.31477958 -0.12735879 1.2243375
0.38497594 -0.12680382 1.2237819
0.3952834 -0.12698017 1.2239584
-0.10133578 -0.1503333 1.2344139
-0.39453265 -0.14194234 1.2389324
-0.38447374 -0.14194234 1.2389324
-0.37553248 -0.14194234 1.2389324
-0.36547357 -0.14194234 1.2389324
-0.35541469 -0.14194234 1.2389324
-0.34535575 -0.14194234 1.2389324
-0.33529687 -0.14194234 1.2389324
-0.32523793 -0.14194234 1.2389324
-0.31517905 -0.14194234 1.2389324
-0.30512014 -0.14194234 1.2389324
-0.29506123 -0.14194234 1.2389324
-0.28500232 -0.14194234 1.2389324
-0.27494341 -0.14194234 1.2389324
-0.26488453 -0.14194234 1.2389324
-0.25482562 -0.14194234 1.2389324
-0.24476671 -0.14194234 1.2389324
-0.2347078 -0.14194234 1.2389324
-0.22464891 -0.14194234 1.2389324
-0.21459 -0.14194234 1.2389324
-0.20453107 -0.14194234 1.2389324
-0.19447216 -0.14194234 1.2389324
-0.18553093 -0.14194234 1.2389324
-0.17547202 -0.14194234 1.2389324
-0.16541311 -0.14194234 1.2389324
-0.15535422 -0.14194234 1.2389324
-0.14529531 -0.14194234 1.2389324
-0.13523641 -0.14194234 1.2389324
-0.12517749 -0.14194234 1.2389324
-0.11511859 -0.14194234 1.2389324
-0.10523548 -0.14534378 1.2353972
-0.095000774 -0.14194234 1.2389324
-0.084941871 -0.14194234 1.2389324
-0.074882969 -0.14194234 1.2389324
-0.06482406 -0.14194234 1.2389324
-0.054765154 -0.14194234 1.2389324
-0.044706248 -0.14194234 1.2389324
-0.034647342 -0.14194234 1.2389324
-0.024588436 -0.14194234 1.2389324
-0.014529531 -0.14194234 1.2389324
-0.0044706245 -0.14194234 1.2389324
0.0044706245 -0.14194234 1.2389324
0.014529531 -0.14194234 1.2389324
0.024588436 -0.14194234 1.2389324
0.034647342 -0.14194234 1.2389324
0.044706248 -0.14194234 1.2389324
0.054765154 -0.14194234 1.2389324
0.06482406 -0.14194234 1.2389324
0.074882962 -0.14194234 1.2389324
0.084941871 -0.14194234 1.2389324
0.095000774 -0.14194234 1.2389324
0.10505968 -0.14194234 1.2389324
0.11511859 -0.14194234 1.2389324
0.12517749 -0.14194234 1.2389324
0.1352364 -0.14194234 1.2389324
0.14529531 -0.14194234 1.2389324
0.15535422 -0.14194234 1.2389324
0.16541311 -0.14194234 1.2389324
0.17547202 -0.14194234 1.2389324
0.18553093 -0.14194234 1.2389324
0.19447218 -0.14194234 1.2389324
0.20520449 -0.14437161 1.2349392
0.21489048 -0.14379948 1.2342504
0.22423545 -0.14330052 1.2328916
0.23459074 -0.14231052 1.2324494
0.24543299 -0.14255829 1.2335436
0.25482562 -0.14194234 1.2389324
0.26488453 -0.14194234 1.2389324
0.27494341 -0.14194234 1.2389324
0.28500232 -0.14194234 1.2389324
0.29506123 -0.14194234 1.2389324
0.30512014 -0.14194234 1.2389324
0.31517905 -0.14194234 1.2389324
0.32300267 -0.14194234 1.2389324
0.39453262 -0.14194234 1.2389324
-0.39515576 -0.13691637 1.2339025
-0.38513759 -0.13691686 1.2339029
-0.37511954 -0.13691637 1.2339022
-0.3651014 -0.13691688 1.2339029
-0.35508341 -0.13691638 1.2339025
-0.34506533 -0.13691688 1.2339029
-0.3350473 -0.13691637 1.2339022
-0.32502913 -0.13691686 1.2339028
-0.31501117 -0.13691637 1.2339025
-0.304993 -0.13691686 1.2339031
-0.29497504 -0.13691637 1.2339022
-0.28534114 -0.1367241 1.2337101
-0.27529758 -0.13709541 1.2340815
-0.26530817 -0.1367241 1.2337099
-0.25525856 -0.13709538 1.2340816
-0.24527515 -0.13672413 1.2337099
-0.23521951 -0.13709538 1.2340814
-0.22524215 -0.13672413 1.2337099
-0.21518049 -0.13709538 1.2340815
-0.20520915 -0.1367241 1.2337099
-0.1951414 -0.13709538 1.2340814
-0.18517613 -0.13672413 1.2337101
-0.17510237 -0.13709538 1.2340815
-0.16514312 -0.1367241 1.2337099
-0.15506335 -0.13709541 1.2340815
-0.14511009 -0.1367241 1.2337101
-0.13502428 -0.13709538 1.2340815
-0.1250771 -0.13672413 1.2337099
-0.11498524 -0.13709538 1.2340815
-0.10504409 -0.1367241 1.2337099
-0.094946206 -0.13709541 1.2340816
-0.08501108 -0.13672411 1.2337101
-0.074907169 -0.13709538 1.2340816
-0.064978071 -0.1367241 1.2337099
-0.054868121 -0.13709541 1.2340814
-0.044945057 -0.1367241 1.2337101
-0.034829076 -0.13709538 1.2340815
-0.024912046 -0.1367241 1.2337101
-0.014790031 -0.13709538 1.2340816
-0.0048790332 -0.1367241 1.2337099
0.0048790332 -0.1367241 1.2337099
0.01479003 -0.13709541 1.2340816
0.024912046 -0.1367241 1.2337099
0.034829076 -0.13709541 1.2340815
0.044945057 -0.13672413 1.2337101
0.054868121 -0.13709541 1.2340814
0.064978071 -0.13672413 1.2337101
0.074907169 -0.13709538 1.2340815
0.08501108 -0.13672411 1.2337101
0.094946206 -0.13709539 1.2340816
0.1050441 -0.13672413 1.2337101
0.11498524 -0.13709538 1.2340815
0.1250771 -0.1367241 1.2337099
0.13502428 -0.13709538 1.2340815
0.1451101 -0.1367241 1.2337099
0.15506335 -0.13709538 1.2340815
0.1651431 -0.13672413 1.2337101
0.1751024 -0.13709538 1.2340816
0.18517612 -0.13672411 1.2337101
0.19514142 -0.13709541 1.2340815
0.20520915 -0.13672413 1.2337101
0.21518047 -0.13709541 1.2340816
0.22524215 -0.13672413 1.2337101
0.23521951 -0.13709541 1.2340815
0.24527512 -0.13672413 1.2337101
0.25525853 -0.13709541 1.2340815
0.26530817 -0.13672411 1.2337099
0.27529761 -0.13709538 1.2340814
0.2853412 -0.1367241 1.2337099
0.29497504 -0.13691637 1.2339026
0.304993 -0.13691688 1.2339029
0.31501117 -0.13691638 1.2339022
0.3222802 -0.13775142 1.234738
0.38772911 -0.1365591 1.2335447
0.39515573 -0.13691638 1.2339025
-0.39439717 -0.15212463 1.2491227
-0.38538235 -0.15212463 1.2491227
-0.37524074 -0.15212463 1.2491227
-0.3650991 -0.15212463 1.2491227
-0.35495743 -0.15212463 1.2491227
-0.34481579 -0.15212463 1.2491227
-0.33467418 -0.15212463 1.2491227
-0.32453251 -0.15212463 1.2491227
-0.31551772 -0.15212463 1.2491227
-0.30537611 -0.15212463 1.2491227
-0.29523444 -0.15212463 1.2491227
-0.28509283 -0.15212463 1.2491227
-0.27495116 -0.15212463 1.2491227
-0.26480955 -0.15212463 1.2491227
-0.25466788 -0.15212463 1.2491227
-0.24452624 -0.15212463 1.2491227
-0.23438461 -0.15212463 1.2491227
-0.22536981 -0.15212463 1.2491227
-0.21522817 -0.15212463 1.2491227
-0.20508651 -0.15212463 1.2491227
-0.19494489 -0.15212463 1.2491227
-0.18480325 -0.15212463 1.2491227
-0.17466161 -0.15212463 1.2491227
-0.16451997 -0.15212463 1.2491227
-0.15550517 -0.15212463 1.2491227
-0.14536354 -0.15212463 1.2491227
-0.13522188 -0.15212463 1.2491227
-0.12508024 -0.15212463 1.2491227
-0.11606545 -0.15212463 1.2491227
-0.10028957 -0.15212463 1.2491227
-0.09465532 -0.15212463 1.2491227
-0.084513679 -0.15212463 1.2491227
-0.074372038 -0.15212463 1.2491227
-0.065357246 -0.15212463 1.2491227
-0.055215605 -0.15212463 1.2491227
-0.045073964 -0.15212463 1.2491227
-0.034932319 -0.15212463 1.2491227
-0.024790678 -0.15212463 1.2491227
-0.014649036 -0.15212463 1.2491227
-0.0045073964 -0.15212463 1.2491227
0.0045073964 -0.15212463 1.2491227
0.014649038 -0.15212463 1.2491227
0.024790678 -0.15212463 1.2491227
0.034932319 -0.15212463 1.2491227
0.04507396 -0.15212463 1.2491227
0.055215605 -0.15212463 1.2491227
0.065357246 -0.15212463 1.2491227
0.074372038 -0.15212463 1.2491227
0.084513679 -0.15212463 1.2491227
0.09465532 -0.15212463 1.2491227
0.10479696 -0.15212463 1.2491227
0.1149386 -0.15212463 1.2491227
0.12508024 -0.15212463 1.2491227
0.13522188 -0.15212463 1.2491227
0.14536352 -0.15212463 1.2491227
0.15550517 -0.15212463 1.2491227
0.16451995 -0.15212463 1.2491227
0.17466161 -0.15212463 1.2491227
0.18480323 -0.15212463 1.2491227
0.19494489 -0.15212463 1.2491227
0.20170598 -0.15212463 1.2491227
0.26931691 -0.15212463 1.2491227
0.27495116 -0.15212463 1.2491227
0.28509277 -0.15212463 1.2491227
0.29523444 -0.15212463 1.2491227
0.30537611 -0.15212463 1.2491227
0.31551775 -0.15212463 1.2491227
0.32453251 -0.15212463 1.2491227
0.33016676 -0.15212463 1.2491227
0.39665085 -0.15212463 1.2491227
-0.39502582 -0.14701636 1.2440106
-0.38492578 -0.14701582 1.2440101
-0.37519887 -0.14682044 1.2438143
-0.36510032 -0.14719781 1.244192
-0.35500181 -0.14682044 1.2438143
-0.34489709 -0.14719781 1.2441921
-0.33480468 -0.14682044 1.2438143
-0.32506752 -0.14721206 1.2442062
-0.31498113 -0.14683416 1.2438281
-0.30486405 -0.14721204 1.2442063
-0.2947838 -0.14683416 1.2438281
-0.28466061 -0.14721207 1.2442062
-0.27494657 -0.14701584 1.2440101
-0.26523697 -0.14682044 1.2438143
-0.25510502 -0.14719781 1.244192
-0.24503988 -0.14682044 1.2438145
-0.2349018 -0.14719783 1.244192
-0.2248428 -0.14682043 1.2438145
-0.21507093 -0.14721206 1.2442063
-0.205018 -0.14683415 1.2438282
-0.19486748 -0.14721206 1.2442062
-0.1848207 -0.14683416 1.2438281
-0.17506897 -0.14701612 1.2440101
-0.16496882 -0.14701611 1.2440102
-0.15486869 -0.14701609 1.2440103
-0.1451097 -0.1471978 1.2441921
-0.13507797 -0.14682044 1.2438143
-0.12490649 -0.14719781 1.244192
-0.11488089 -0.14682046 1.2438143
-0.10507439 -0.14721204 1.2442063
-0.095054872 -0.14683416 1.2438281
-0.085290007 -0.14701612 1.2440102
-0.075189866 -0.14701612 1.2440104
-0.065089732 -0.14701612 1.2440103
-0.054989614 -0.14701609 1.2440103
-0.044889476 -0.14701611 1.2440101
-0.034789346 -0.14701611 1.2440101
-0.024689212 -0.14701611 1.2440103
-0.01458908 -0.14701612 1.2440103
-0.0044889478 -0.14701609 1.2440103
0.0044889483 -0.14701612 1.2440101
0.014589081 -0.14701611 1.2440104
0.024689211 -0.14701611 1.2440101
0.034789346 -0.14701612 1.2440102
0.04488948 -0.14701612 1.2440101
0.054989614 -0.14701612 1.2440102
0.06508974 -0.14701609 1.2440101
0.075189874 -0.14701612 1.2440103
0.085290007 -0.14701609 1.2440103
0.095054872 -0.14683415 1.2438282
0.10507438 -0.14721206 1.2442063
0.11488089 -0.14682044 1.2438143
0.12490648 -0.14719783 1.244192
0.13507797 -0.14682043 1.2438145
0.1451097 -0.14719781 1.2441921
0.15486869 -0.14701611 1.2440101
0.16496883 -0.14701612 1.2440102
0.17506897 -0.14701609 1.2440101
0.18482068 -0.14683414 1.2438282
0.19486751 -0.14721206 1.2442062
0.20389514 -0.1462526 1.2432463
0.21166873 -0.1444723 1.2414644
0.25758627 -0.1444723 1.2414644
0.26561794 -0.14632168 1.2433155
0.27494657 -0.14701584 1.2440099
0.28466058 -0.14721204 1.2442063
0.2947838 -0.14683416 1.2438281
0.30486405 -0.14721206 1.2442062
0.31498113 -0.14683415 1.2438281
0.32506749 -0.14721204 1.2442063
0.39539602 -0.14682044 1.2438145
-0.39539564 -0.16247578 1.259482
-0.38516989 -0.16247578 1.259482
-0.37494409 -0.16247578 1.259482
-0.36471835 -0.16247578 1.259482
-0.3544926 -0.16247578 1.259482
-0.34540308 -0.16247578 1.259482
-0.3351773 -0.16247578 1.259482
-0.32495159 -0.16247578 1.259482
-0.31472582 -0.16247578 1.259482
-0.30450007 -0.16247578 1.259482
-0.29541051 -0.16247578 1.259482
-0.28518477 -0.16247578 1.259482
-0.27495903 -0.16247578 1.259482
-0.26473325 -0.16247578 1.259482
-0.25450754 -0.16247578 1.259482
-0.24541797 -0.16247578 1.259482
-0.23519221 -0.16247578 1.259482
-0.22496645 -0.16247578 1.259482
-0.21474072 -0.16247578 1.259482
-0.20451498 -0.16247578 1.259482
-0.19542542 -0.16247578 1.259482
-0.18519966 -0.16247578 1.259482
-0.17497393 -0.16247578 1.259482
-0.16474816 -0.16247578 1.259482
-0.15452242 -0.16247578 1.259482
-0.14543286 -0.16247578 1.259482
-0.1374795 -0.16247578 1.259482
-0.081805989 -0.16247578 1.259482
-0.07498882 -0.16247578 1.259482
-0.064763077 -0.16247578 1.259482
-0.054537326 -0.16247578 1.259482
-0.045447771 -0.16247578 1.259482
-0.035222024 -0.16247578 1.259482
-0.024996273 -0.16247578 1.259482
-0.014770526 -0.16247578 1.259482
-0.0045447769 -0.16247578 1.259482
0.0045447773 -0.16247578 1.259482
0.014770526 -0.16247578 1.259482
0.024996273 -0.16247578 1.259482
0.035222024 -0.16247578 1.259482
0.045447774 -0.16247578 1.259482
0.054537326 -0.16247578 1.259482
0.064763077 -0.16247578 1.259482
0.074988827 -0.16247578 1.259482
0.08521457 -0.16247578 1.259482
0.095440321 -0.16247578 1.259482
0.10452988 -0.16247578 1.259482
0.11475563 -0.16247579 1.2594821
0.12498137 -0.16247579 1.2594821
0.13520713 -0.16247579 1.2594821
0.14543287 -0.16247579 1.2594821
0.15452243 -0.16247579 1.2594821
0.16474818 -0.16247579 1.2594821
0.17497393 -0.16247579 1.2594821
0.18519966 -0.16247578 1.259482
0.19315305 -0.16247579 1.2594821
0.28632098 -0.16247579 1.2594821
0.29541054 -0.16247579 1.2594821
0.3045001 -0.16247579 1.2594821
0.31472585 -0.16247579 1.2594821
0.32495162 -0.16247579 1.2594821
0.33290493 -0.16247579 1.2594821
-0.39489394 -0.15728213 1.2542841
-0.38508517 -0.15708348 1.2540855
-0.37490615 -0.15746711 1.2544695
-0.36472127 -0.15708348 1.2540855
-0.35491318 -0.1574816 1.2544839
-0.34510773 -0.15728211 1.2542844
-0.33530679 -0.1570835 1.2540855
-0.32511258 -0.1574671 1.2544695
-0.31494296 -0.15708348 1.2540855
-0.30511898 -0.1574816 1.2544841
-0.29495543 -0.15709741 1.2540995
-0.28474864 -0.15748158 1.2544841
-0.27495435 -0.15728211 1.2542841
-0.26516458 -0.15708348 1.2540855
-0.25494891 -0.1574671 1.2544695
-0.24480072 -0.15708348 1.2540855
-0.23495446 -0.1574816 1.2544839
-0.22481242 -0.15709743 1.2540995
-0.21498607 -0.1572824 1.2542846
-0.20515533 -0.1574671 1.2544695
-0.19502236 -0.15708348 1.2540855
-0.18516034 -0.15748158 1.2544841
-0.17503355 -0.15709743 1.2540995
-0.16519982 -0.15728241 1.2542846
-0.15501627 -0.15728238 1.2542846
-0.14483273 -0.1572824 1.2542845
-0.13534544 -0.15728213 1.2542844
-0.12674567 -0.15521291 1.2522135
-0.091462843 -0.15469642 1.2516966
-0.083889626 -0.1568511 1.253853
-0.074679375 -0.15728241 1.2542845
-0.06520167 -0.15748158 1.2544839
-0.055111639 -0.15709741 1.2540995
-0.045260224 -0.1572824 1.2542846
-0.035076674 -0.15728238 1.2542844
-0.024893126 -0.15728237 1.2542846
-0.014709572 -0.15728241 1.2542845
-0.0045260224 -0.1572824 1.2542845
0.0045260224 -0.15728241 1.2542846
0.014709574 -0.15728238 1.2542846
0.024893126 -0.1572824 1.2542846
0.035076674 -0.1572824 1.2542846
0.045260224 -0.1572824 1.2542846
0.055111643 -0.15709744 1.2540995
0.065201662 -0.15748158 1.2544841
0.074679375 -0.1572824 1.2542845
0.084862925 -0.15728241 1.2542846
0.095046468 -0.1572824 1.2542846
0.10523003 -0.15728241 1.2542846
0.11541358 -0.1572824 1.2542846
0.12488016 -0.1570835 1.2540855
0.13499163 -0.15746711 1.2544695
0.14483273 -0.1572824 1.2542845
0.15501626 -0.15728241 1.2542845
0.16519983 -0.1572824 1.2542846
0.17503355 -0.15709743 1.2540995
0.18516034 -0.1574816 1.2544839
0.19473903 -0.15685111 1.253853
0.27732795 -0.15572938 1.2527304
0.28513944 -0.15728241 1.2542845
0.29495543 -0.15709744 1.2540995
0.30511898 -0.1574816 1.2544839
0.31494296 -0.1570835 1.2540855
0.32511258 -0.1574671 1.2544695
0.33266264 -0.1572824 1.2542846
0.39789861 -0.15676448 1.2537663
-0.39558378 -0.17035255 1.2673651
-0.38529402 -0.17035255 1.2673651
-0.37500426 -0.17035255 1.2673651
-0.36471453 -0.17035255 1.2673651
-0.35442477 -0.17035255 1.2673651
-0.34527832 -0.17035255 1.2673651
-0.33498856 -0.17035255 1.2673651
-0.32469881 -0.17035255 1.2673651
-0.31555238 -0.17035255 1.2673651
-0.30526263 -0.17035255 1.2673651
-0.29497287 -0.17035255 1.2673651
-0.28468311 -0.17035255 1.2673651
-0.27439338 -0.17035255 1.2673651
-0.26524693 -0.17035255 1.2673651
-0.25495717 -0.17035255 1.2673651
-0.24466743 -0.17035255 1.2673651
-0.23552097 -0.17035255 1.2673651
-0.22523122 -0.17035255 1.2673651
-0.21494147 -0.17035255 1.2673651
-0.20465171 -0.17035255 1.2673651
-0.19436197 -0.17035255 1.2673651
-0.18521552 -0.17035255 1.2673651
-0.17492577 -0.17035255 1.2673651
-0.16463602 -0.17035255 1.2673651
-0.15548958 -0.17035255 1.2673651
-0.14634313 -0.17035255 1.2673651
-0.07431487 -0.17035253 1.2673651
-0.065168425 -0.17035255 1.2673651
-0.054878674 -0.17035255 1.2673651
-0.044588923 -0.17035255 1.2673651
-0.034299169 -0.17035255 1.2673651
-0.025152726 -0.17035255 1.2673651
-0.014862974 -0.17035255 1.2673651
-0.0045732227 -0.17035255 1.2673651
0.0045732232 -0.17035255 1.2673651
0.014862974 -0.17035255 1.2673651
0.025152726 -0.17035255 1.2673651
0.034299172 -0.17035255 1.2673651
0.044588923 -0.17035255 1.2673651
0.054878674 -0.17035255 1.2673651
0.065168425 -0.17035255 1.2673651
0.075458176 -0.17035255 1.2673651
0.084604621 -0.17035255 1.2673651
0.094894379 -0.17035255 1.2673651
0.10518412 -0.17035255 1.2673651
0.11433057 -0.17035255 1.2673651
0.12462032 -0.17035255 1.2673651
0.13491008 -0.17035255 1.2673651
0.14519982 -0.17035255 1.2673651
0.15548958 -0.17035255 1.2673651
0.16463602 -0.17035255 1.2673651
0.17492577 -0.17035255 1.2673651
0.18521552 -0.17035255 1.2673651
0.19207536 -0.17035255 1.2673651
0.28925633 -0.17035255 1.2673651
0.29497287 -0.17035255 1.2673651
0.30526263 -0.17035255 1.2673651
0.31555238 -0.17035255 1.2673651
0.32469881 -0.17035255 1.2673651
0.33498856 -0.17035255 1.2673651
-0.3949371 -0.16625738 1.2632668
-0.38523218 -0.16640325 1.2634127
-0.37497455 -0.16640325 1.2634127
-0.36471689 -0.16640325 1.2634127
-0.35500619 -0.16654912 1.2635587
-0.34479433 -0.16625738 1.2632668
-0.3350836 -0.16640325 1.2634127
-0.32536951 -0.16654912 1.2635587
-0.31516445 -0.16625738 1.2632669
-0.30485183 -0.16654912 1.2635587
-0.29465157 -0.16625738 1.2632668
-0.28493506 -0.16640325 1.2634127
-0.27521515 -0.16654912 1.2635587
-0.26502168 -0.16625738 1.2632668
-0.2553018 -0.16640325 1.2634127
-0.24504414 -0.16640325 1.2634127
-0.23478648 -0.16640325 1.2634127
-0.22506078 -0.16654912 1.2635587
-0.21487892 -0.16625738 1.2632669
-0.20515324 -0.16640325 1.2634127
-0.19489558 -0.16640325 1.2634128
-0.1846379 -0.16640325 1.2634127
-0.17551999 -0.16640325 1.2634128
-0.16526231 -0.16640325 1.2634128
-0.15500468 -0.16640325 1.2634127
-0.144747 -0.16640325 1.2634128
-0.13776515 -0.16509047 1.2620989
-0.075222857 -0.16640325 1.2634127
-0.064965203 -0.16640325 1.2634128
-0.054707535 -0.16640325 1.2634127
-0.045589607 -0.16640325 1.2634127
-0.035331946 -0.16640325 1.2634127
-0.025074285 -0.16640325 1.2634128
-0.014816622 -0.16640325 1.2634127
-0.0045589614 -0.16640325 1.2634127
0.0045589604 -0.16640325 1.2634127
0.014816624 -0.16640325 1.2634127
0.025074285 -0.16640325 1.2634128
0.035331946 -0.16640325 1.2634127
0.045589611 -0.16640325 1.2634127
0.054707527 -0.16640325 1.2634127
0.064965189 -0.16640325 1.2634127
0.075222857 -0.16640325 1.2634127
0.084963553 -0.16625738 1.2632668
0.095115393 -0.16654912 1.2635587
0.1048561 -0.16640325 1.2634127
0.11511376 -0.16640325 1.2634127
0.12537141 -0.16640325 1.2634127
0.13448934 -0.16640325 1.2634128
0.14474699 -0.16640325 1.2634127
0.15500467 -0.16640325 1.2634127
0.16526231 -0.16640325 1.2634128
0.17551999 -0.16640325 1.2634128
0.1846379 -0.16640325 1.2634127
0.19147636 -0.16640326 1.2634127
0.28721452 -0.16640326 1.2634127
0.29465157 -0.16625738 1.2632668
0.30485183 -0.16654912 1.2635589
0.31516448 -0.16625738 1.2632667
0.32536951 -0.16654912 1.2635587
0.3350836 -0.16640325 1.2634128
-0.39430106 -0.18100956 1.2780305
-0.38507766 -0.18100956 1.2780305
-0.37470129 -0.18100956 1.2780305
-0.36432499 -0.18100956 1.2780305
-0.35510153 -0.18100956 1.2780305
-0.34472522 -0.18100956 1.2780305
-0.33434886 -0.18100956 1.2780305
-0.32512546 -0.18100956 1.2780305
-0.31474909 -0.18100956 1.2780305
-0.30437273 -0.18100956 1.2780305
-0.29514933 -0.18100956 1.2780305
-0.28477299 -0.18100956 1.2780305
-0.27439666 -0.18100956 1.2780305
-0.26517323 -0.18100956 1.2780305
-0.25479689 -0.18100956 1.2780305
-0.24442054 -0.18100956 1.2780305
-0.23519713 -0.18100956 1.2780305
-0.22482078 -0.18100956 1.2780305
-0.21444444 -0.18100956 1.2780305
-0.20522103 -0.18100956 1.2780305
-0.19484468 -0.18100956 1.2780305
-0.18446833 -0.18100956 1.2780305
-0.17524491 -0.18100956 1.2780305
-0.16486858 -0.18100956 1.2780305
-0.15449223 -0.18100956 1.2780305
-0.1487276 -0.18100956 1.2780305
-0.071481481 -0.18100956 1.2780305
-0.064563915 -0.18100956 1.2780305
-0.055340499 -0.18100956 1.2780305
-0.044964157 -0.18100956 1.2780305
-0.034587815 -0.18100956 1.2780305
-0.025364397 -0.18100956 1.2780305
-0.014988052 -0.18100956 1.2780305
-0.0046117082 -0.18100956 1.2780305
0.0046117082 -0.18100956 1.2780305
0.014988053 -0.18100956 1.2780305
0.025364399 -0.18100956 1.2780305
0.034587812 -0.18100956 1.2780305
0.044964157 -0.18100956 1.2780305
0.055340502 -0.18100956 1.2780305
0.064563915 -0.18100956 1.2780305
0.074940257 -0.18100956 1.2780305
0.085316606 -0.18100956 1.2780305
0.094540015 -0.18100956 1.2780305
0.10491637 -0.18100956 1.2780305
0.11529271 -0.18100956 1.2780305
0.12451613 -0.18100956 1.2780305
0.13489248 -0.18100958 1.2780306
0.14526883 -0.18100958 1.2780306
0.15449224 -0.18100958 1.2780306
0.16486856 -0.18100956 1.2780305
0.17524493 -0.18100956 1.2780305
0.18446834 -0.18100956 1.2780305
0.19138592 -0.18100958 1.2780306
0.29745519 -0.18100956 1.2780305
0.30437279 -0.18100958 1.2780306
0.31474909 -0.18100958 1.2780306
0.32512546 -0.18100956 1.2780305
0.33434886 -0.18100956 1.2780305
0.34241936 -0.18100958 1.2780305
-0.39494461 -0.17566271 1.2726794
-0.38461182 -0.17566217 1.272679
-0.37466085 -0.17545764 1.2724742
-0.36471206 -0.17586753 1.2728845
-0.35476124 -0.17566215 1.272679
-0.34481511 -0.17545766 1.2724743
-0.33485666 -0.17586754 1.2728845
-0.32491064 -0.17566217 1.272679
-0.31496927 -0.17545766 1.2724743
-0.30500123 -0.17586753 1.2728844
-0.29506007 -0.17566215 1.272679
-0.28512353 -0.17545764 1.2724743
-0.27514583 -0.17586754 1.2728845
-0.26484257 -0.17547201 1.2724886
-0.25487813 -0.17566246 1.2726792
-0.24529043 -0.17586753 1.2728845
-0.23499645 -0.17547202 1.2724887
-0.22502755 -0.17566244 1.2726792
-0.21505411 -0.17585263 1.2728693
-0.20476948 -0.17545764 1.2724743
-0.19517694 -0.17566246 1.2726792
-0.18519904 -0.17585263 1.2728695
-0.17492369 -0.17545764 1.2724742
-0.16532634 -0.17566246 1.2726792
-0.15499346 -0.17566244 1.2726791
-0.14642179 -0.17528212 1.2722986
-0.072328873 -0.17566192 1.2726786
-0.064723879 -0.17545764 1.2724743
-0.055108782 -0.17566246 1.2726792
-0.044775888 -0.17566244 1.2726791
-0.034442987 -0.17566244 1.2726792
-0.025258191 -0.17566246 1.2726792
-0.014925296 -0.17566244 1.2726791
-0.0045923986 -0.17566246 1.2726792
0.0045923982 -0.17566244 1.2726792
0.014925297 -0.17566244 1.2726791
0.025258191 -0.17566244 1.2726792
0.034442991 -0.17566244 1.2726792
0.044775888 -0.17566246 1.2726794
0.055108782 -0.17566244 1.2726792
0.064723879 -0.17545764 1.2724743
0.074964978 -0.17585261 1.2728697
0.084959365 -0.17566244 1.2726792
0.09494929 -0.17547201 1.2724887
0.10519971 -0.17586753 1.2728846
0.11480997 -0.17566244 1.2726793
0.12479539 -0.17547201 1.2724887
0.13505511 -0.17586754 1.2728845
0.14466055 -0.17566246 1.2726792
0.15499346 -0.17566244 1.2726794
0.16532634 -0.17566246 1.2726793
0.17492369 -0.17545764 1.2724744
0.18519904 -0.17585261 1.2728697
0.19173265 -0.17566246 1.2726792
0.28986108 -0.1730001 1.2700148
0.29583949 -0.17542006 1.2724366
0.30500123 -0.17586753 1.2728845
0.31496927 -0.17545764 1.2724744
0.32491064 -0.17566217 1.272679
0.33485666 -0.17586754 1.2728845
0.34204781 -0.17619494 1.2732122
-0.39532202 -0.19184746 1.288877
-0.38485762 -0.19184746 1.288877
-0.37439319 -0.19184746 1.288877
-0.3650915 -0.19184746 1.288877
-0.35578984 -0.19184746 1.288877
-0.34532541 -0.19184746 1.288877
-0.33486104 -0.19184746 1.288877
-0.32555932 -0.19184746 1.288877
-0.31509489 -0.19184746 1.288877
-0.30463052 -0.19184746 1.288877
-0.2953288 -0.19184746 1.288877
-0.28486443 -0.19184746 1.288877
-0.2744 -0.19184746 1.288877
-0.2650983 -0.19184746 1.288877
-0.25579661 -0.19184746 1.288877
-0.2453322 -0.19184746 1.288877
-0.2348678 -0.19184746 1.288877
-0.22556609 -0.19184746 1.288877
-0.21510169 -0.19184746 1.288877
-0.20463729 -0.19184746 1.288877
-0.1953356 -0.19184746 1.288877
-0.1848712 -0.19184746 1.288877
-0.17440678 -0.19184746 1.288877
-0.16510507 -0.19184746 1.288877
-0.15580338 -0.19184746 1.288877
-0.070925422 -0.19184746 1.288877
-0.065111861 -0.19184746 1.288877
-0.055810168 -0.19184746 1.288877
-0.045345761 -0.19184746 1.288877
-0.034881357 -0.19184746 1.288877
-0.025579661 -0.19184746 1.288877
-0.015115255 -0.19184746 1.288877
-0.0046508475 -0.19184746 1.288877
0.0046508475 -0.19184746 1.288877
0.015115254 -0.19184746 1.288877
0.025579661 -0.19184746 1.288877
0.034881353 -0.19184746 1.288877
0.045345761 -0.19184746 1.288877
0.055810168 -0.19184746 1.288877
0.065111868 -0.19184746 1.288877
0.07441356 -0.19184746 1.288877
0.084877968 -0.19184746 1.288877
0.095342368 -0.19184746 1.288877
0.10464408 -0.19184746 1.288877
0.11510848 -0.19184746 1.288877
0.12557288 -0.19184746 1.288877
0.13487458 -0.19184746 1.288877
0.14533898 -0.19184746 1.288877
0.15580338 -0.19184746 1.288877
0.16510507 -0.19184746 1.288877
0.1744068 -0.19184747 1.288877
0.1848712 -0.19184746 1.288877
0.19184746 -0.19184746 1.288877
0.29881695 -0.19184746 1.288877
0.30463052 -0.19184746 1.288877
0.31509495 -0.19184746 1.288877
0.32555932 -0.19184746 1.288877
0.33486104 -0.19184746 1.288877
0.34532544 -0.19184747 1.288877
-0.39480904 -0.18640916 1.2834345
-0.3847723 -0.18620117 1.2832263
-0.37474272 -0.186618 1.2836435
-0.36470616 -0.18640916 1.2834344
-0.35467434 -0.18620118 1.2832263
-0.34502506 -0.18640946 1.2834347
-0.33537102 -0.18661802 1.2836436
-0.32496181 -0.18621579 1.283241
-0.31492218 -0.18640946 1.2834347
-0.30526325 -0.186618 1.2836435
-0.29523802 -0.18640916 1.2834345
-0.28521749 -0.18620117 1.2832263
-0.27515551 -0.186618 1.2836435
-0.26513514 -0.18640915 1.2834345
-0.2551195 -0.18620117 1.2832263
-0.24504775 -0.18661802 1.2836436
-0.23503233 -0.18640915 1.2834344
-0.22502154 -0.18620116 1.2832263
-0.21494001 -0.18661802 1.2836435
-0.20492944 -0.18640916 1.2834345
-0.19492356 -0.18620116 1.2832263
-0.18524836 -0.18640943 1.2834347
-0.17518462 -0.18660283 1.2836282
-0.1648256 -0.18620116 1.2832261
-0.15514551 -0.18640943 1.2834347
-0.1493565 -0.18640943 1.2834347
-0.071166344 -0.18573254 1.2827573
-0.064836927 -0.18640946 1.2834349
-0.05557451 -0.18640943 1.2834347
-0.045154285 -0.18640944 1.2834346
-0.034734067 -0.18640946 1.2834347
-0.025471648 -0.18640943 1.2834349
-0.015051429 -0.18640944 1.2834346
-0.0046312097 -0.18640943 1.2834347
0.0046312092 -0.18640943 1.2834347
0.01505143 -0.18640946 1.2834347
0.025471652 -0.18640943 1.2834347
0.034734067 -0.18640943 1.2834349
0.045154292 -0.18640944 1.2834345
0.055574507 -0.18640946 1.2834347
0.064836927 -0.18640943 1.2834349
0.074914284 -0.18621577 1.2832409
0.085245058 -0.186618 1.2836436
0.094939791 -0.18640943 1.2834347
0.1050126 -0.18621577 1.283241
0.11535282 -0.186618 1.2836435
0.12504265 -0.18640943 1.2834349
0.13472761 -0.18620117 1.2832263
0.14507721 -0.18660283 1.2836283
0.15514551 -0.18640943 1.2834347
0.1648256 -0.18620116 1.2832263
0.17518462 -0.18660283 1.2836282
0.18524837 -0.18640946 1.2834349
0.19151422 -0.18573254 1.2827573
0.29835463 -0.18586716 1.282892
0.30526328 -0.186618 1.2836435
0.31492224 -0.18640943 1.2834347
0.32496181 -0.18621577 1.2832409
0.33537102 -0.186618 1.2836435
0.34502506 -0.18640943 1.2834346
-0.39533287 -0.20163825 1.2986757
-0.38482761 -0.20133007 1.2983671
-0.37485194 -0.20148414 1.2985214
-0.36487257 -0.20163822 1.2986757
-0.35493663 -0.20148417 1.2985214
-0.34500432 -0.20133007 1.2983671
-0.33502388 -0.20148416 1.2985214
-0.32503974 -0.20163827 1.2986757
-0.31455126 -0.20133008 1.2983671
-0.30456716 -0.20148416 1.2985214
-0.29519588 -0.20148414 1.2985214
-0.28520703 -0.20163822 1.2986757
-0.274728 -0.2013301 1.2983671
-0.26473919 -0.20148417 1.2985214
-0.25536785 -0.20148416 1.2985214
-0.24537428 -0.20163822 1.2986757
-0.23490471 -0.20133008 1.2983671
-0.22491115 -0.20148416 1.2985214
-0.21553984 -0.20148416 1.2985214
-0.20499711 -0.20148413 1.2985215
-0.1944544 -0.20148417 1.2985214
-0.18508311 -0.20148417 1.2985214
-0.17508119 -0.20163824 1.2986755
-0.16462833 -0.20133005 1.2983673
-0.15579782 -0.20148416 1.2985214
-0.071456149 -0.20148414 1.2985214
-0.065599084 -0.20148417 1.2985214
-0.055056375 -0.20148416 1.2985213
-0.044513661 -0.20148414 1.2985214
-0.035142366 -0.20148417 1.2985214
-0.025771067 -0.20148417 1.2985214
-0.015228359 -0.20148417 1.2985214
-0.0046856492 -0.20148414 1.2985214
0.0046856487 -0.20148413 1.2985214
0.015228359 -0.20148417 1.2985214
0.025771067 -0.20148417 1.2985214
0.035142366 -0.20148417 1.2985214
0.044513661 -0.20148414 1.2985214
0.055056375 -0.20148413 1.2985215
0.065599076 -0.20148414 1.2985214
0.074970379 -0.20148416 1.2985214
0.084341675 -0.20148416 1.2985214
0.094884381 -0.20148416 1.2985213
0.1054271 -0.20148414 1.2985214
0.1147984 -0.20148416 1.2985214
0.12480503 -0.20133005 1.2983673
0.13524848 -0.20163825 1.2986757
0.1452551 -0.20148416 1.2985214
0.15462641 -0.20148414 1.2985214
0.16462833 -0.20133008 1.2983671
0.17508121 -0.20163822 1.2986757
0.18508312 -0.20148416 1.2985214
0.1921116 -0.20148414 1.2985214
0.29871011 -0.20148414 1.2985214
0.30456716 -0.20148417 1.2985214
0.31455123 -0.20133005 1.2983673
0.32503974 -0.20163822 1.2986757
0.33502388 -0.20148417 1.2985214
0.34500435 -0.20133005 1.2983673
0.35313851 -0.20176148 1.2987989
-0.39485252 -0.19580796 1.2928406
-0.38492042 -0.19596073 1.2929937
-0.37498471 -0.19611351 1.2931465
-0.36452904 -0.19580796 1.2928406
-0.35459337 -0.19596073 1.2929935
-0.34526196 -0.19596073 1.2929935
-0.33532158 -0.19611351 1.2931465
-0.32487524 -0.19580796 1.2928406
-0.31493491 -0.19596073 1.2929935
-0.30499089 -0.19611351 1.2931465
-0.29455179 -0.19580796 1.2928406
-0.2846078 -0.19596073 1.2929935
-0.27527642 -0.19596073 1.2929935
-0.26532778 -0.19611351 1.2931465
-0.25489801 -0.19580795 1.2928407
-0.24494934 -0.19596073 1.2929935
-0.23499709 -0.19611351 1.2931465
-0.22457454 -0.19580796 1.2928406
-0.2146223 -0.19596073 1.2929937
-0.20529088 -0.19596073 1.2929935
-0.19533396 -0.19611351 1.2931465
-0.18492076 -0.19580796 1.2928406
-0.17496383 -0.19596073 1.2929935
-0.16563243 -0.19596073 1.2929935
-0.15630102 -0.19596073 1.2929935
-0.071151957 -0.19596073 1.2929935
-0.065319829 -0.19596073 1.2929935
-0.054821998 -0.19596073 1.2929937
-0.044324171 -0.19596073 1.2929935
-0.034992766 -0.19596073 1.2929935
-0.02566136 -0.19596073 1.2929937
-0.015163532 -0.19596073 1.2929937
-0.0046657017 -0.19596073 1.2929935
0.0046657017 -0.19596073 1.2929935
0.015163531 -0.19596073 1.2929935
0.02566136 -0.19596073 1.2929935
0.034992766 -0.19596073 1.2929937
0.044324167 -0.19596073 1.2929937
0.054821998 -0.19596073 1.2929935
0.065319829 -0.19596073 1.2929935
0.074651241 -0.19596073 1.2929935
0.085149065 -0.19596073 1.2929935
0.095646888 -0.19596073 1.2929935
0.10497829 -0.19596073 1.2929935
0.1143097 -0.19596073 1.2929935
0.12480754 -0.19596073 1.2929935
0.13530537 -0.19596073 1.2929935
0.14463675 -0.19596073 1.2929937
0.15513459 -0.19596073 1.2929935
0.16563243 -0.19596073 1.2929937
0.17496382 -0.19596073 1.2929935
0.18492076 -0.19580796 1.2928406
0.19175005 -0.19641905 1.2934523
0.2994523 -0.19458574 1.2916175
0.30499092 -0.19611351 1.2931465
0.31493488 -0.19596073 1.2929935
0.32487527 -0.19580796 1.2928406
0.33532158 -0.19611351 1.2931465
0.34526193 -0.19596073 1.2929935
0.3522605 -0.19596073 1.2929935
-0.39420047 -0.21126312 1.3083081
-0.38475853 -0.21126312 1.3083081
-0.37531659 -0.21126312 1.3083081
-0.36587471 -0.21126312 1.3083081
-0.3552525 -0.21126314 1.3083081
-0.34463036 -0.21126312 1.3083081
-0.33518842 -0.21126312 1.3083081
-0.32574648 -0.21126312 1.3083081
-0.31512433 -0.21126314 1.3083081
-0.30450219 -0.21126312 1.3083081
-0.29506022 -0.21126312 1.3083081
-0.28561831 -0.21126312 1.3083081
-0.27499613 -0.21126314 1.3083081
-0.26437396 -0.21126312 1.3083081
-0.25493205 -0.21126312 1.3083081
-0.24549012 -0.21126312 1.3083081
-0.23486793 -0.21126314 1.3083081
-0.22424576 -0.21126312 1.3083081
-0.21480384 -0.21126312 1.3083081
-0.20536192 -0.21126312 1.3083081
-0.19473976 -0.21126314 1.3083081
-0.18411759 -0.21126312 1.3083081
-0.17467566 -0.21126312 1.3083081
-0.16523373 -0.21126312 1.3083081
-0.1557918 -0.21126312 1.3083081
-0.073174939 -0.21126312 1.3083081
-0.064913251 -0.21126314 1.3083081
-0.054291084 -0.21126312 1.3083081
-0.044849154 -0.21126312 1.3083081
-0.035407227 -0.21126312 1.3083081
-0.024785059 -0.21126314 1.3083081
-0.014162891 -0.21126312 1.3083081
-0.0047209635 -0.21126312 1.3083081
0.0047209635 -0.21126312 1.3083081
0.014162891 -0.21126312 1.3083081
0.024785059 -0.21126314 1.3083081
0.035407227 -0.21126312 1.3083081
0.044849157 -0.21126312 1.3083081
0.054291081 -0.21126312 1.3083081
0.064913251 -0.21126314 1.3083081
0.075535417 -0.21126312 1.3083081
0.084977344 -0.21126312 1.3083081
0.094419271 -0.21126312 1.3083081
0.10504144 -0.21126314 1.3083081
0.11566361 -0.21126312 1.3083081
0.12510553 -0.21126312 1.3083081
0.13454746 -0.21126312 1.3083081
0.14516965 -0.21126314 1.3083081
0.1557918 -0.21126312 1.3083081
0.16523373 -0.21126312 1.3083081
0.17467566 -0.21126312 1.3083081
0.18411759 -0.21126312 1.3083081
0.19237928 -0.21126312 1.3083081
0.30450219 -0.21126312 1.3083081
0.31512433 -0.21126314 1.3083081
0.32574648 -0.21126312 1.3083081
0.33518845 -0.21126312 1.3083081
0.34463036 -0.21126312 1.3083081
0.35525253 -0.21126314 1.3083081
-0.39528438 -0.20705499 1.3040966
-0.38526461 -0.20721039 1.3042521
-0.3747167 -0.20689958 1.303941
-0.36469692 -0.20705499 1.3040967
-0.35528541 -0.20705499 1.3040967
-0.34526083 -0.20721039 1.3042521
-0.33472246 -0.20689958 1.303941
-0.32469791 -0.20705499 1.3040966
-0.31528637 -0.20705499 1.3040967
-0.30525702 -0.20721039 1.3042521
-0.29472822 -0.20689958 1.303941
-0.28469887 -0.20705499 1.3040966
-0.27528736 -0.20705499 1.3040966
-0.26525325 -0.20721039 1.3042521
-0.25473398 -0.20689958 1.3039412
-0.24469987 -0.20705499 1.3040967
-0.23528835 -0.20705499 1.3040966
-0.22524945 -0.20721039 1.3042521
-0.21473974 -0.20689958 1.3039411
-0.20470086 -0.20705499 1.3040966
-0.19528931 -0.20705499 1.3040966
-0.18524568 -0.20721039 1.3042521
-0.17474549 -0.20689958 1.3039412
-0.16470183 -0.20705499 1.3040966
-0.15581776 -0.2072548 1.3042965
-0.071762942 -0.207055 1.3040967
-0.065234311 -0.20721039 1.3042521
-0.05476274 -0.20689958 1.3039411
-0.044704784 -0.20705499 1.3040966
-0.035293251 -0.20705499 1.3040966
-0.025230521 -0.20721039 1.3042521
-0.014768492 -0.20689958 1.3039412
-0.0047057662 -0.20705499 1.3040967
0.0047057662 -0.20705499 1.3040966
0.014768492 -0.20689958 1.3039411
0.025230521 -0.20721039 1.3042521
0.035293251 -0.20705499 1.3040966
0.044704784 -0.20705499 1.3040966
0.054762743 -0.20689958 1.3039411
0.065234303 -0.20721039 1.3042521
0.075292267 -0.20705499 1.3040966
0.084703803 -0.20705499 1.3040966
0.094756991 -0.20689958 1.3039412
0.1052381 -0.20721039 1.3042521
0.11529128 -0.20705499 1.3040966
0.12470282 -0.20705499 1.3040967
0.13475125 -0.20689958 1.3039411
0.14524189 -0.20721039 1.3042523
0.15529031 -0.20705499 1.3040966
0.16470185 -0.20705499 1.3040966
0.17474549 -0.20689958 1.303941
0.18524568 -0.20721039 1.3042521
0.19293644 -0.207055 1.3040967
0.29967061 -0.2056563 1.3026968
0.30525705 -0.20721039 1.3042521
0.3152864 -0.20705499 1.3040967
0.32469791 -0.20705499 1.3040966
0.33472246 -0.20689958 1.3039411
0.34526083 -0.20721039 1.3042523
0.35528538 -0.20705499 1.3040966
0.36386698 -0.23187695 1.3181424
-0.39524493 -0.2226229 1.3196769
-0.38572094 -0.2226229 1.3196769
-0.3750065 -0.2226229 1.3196769
-0.36429203 -0.2226229 1.3196769
-0.35476804 -0.2226229 1.3196769
-0.34524408 -0.2226229 1.3196769
-0.33572009 -0.2226229 1.3196769
-0.32500559 -0.2226229 1.3196769
-0.31429115 -0.2226229 1.3196769
-0.30476716 -0.2226229 1.3196769
-0.2952432 -0.2226229 1.3196769
-0.28571925 -0.2226229 1.3196769
-0.27500477 -0.2226229 1.3196769
-0.26429027 -0.2226229 1.3196769
-0.25476632 -0.2226229 1.3196769
-0.24524236 -0.2226229 1.3196769
-0.23571837 -0.2226229 1.3196769
-0.22500388 -0.2226229 1.3196769
-0.21428943 -0.2226229 1.3196769
-0.20476545 -0.2226229 1.3196769
-0.19524148 -0.2226229 1.3196769
-0.18571751 -0.2226229 1.3196769
-0.17500302 -0.2226229 1.3196769
-0.16428857 -0.2226229 1.3196769
-0.15476459 -0.2226229 1.3196769
-0.1488121 -0.2226229 1.3196769
-0.075001299 -0.2226229 1.3196769
-0.064286828 -0.2226229 1.3196769
-0.054762855 -0.2226229 1.3196769
-0.045238882 -0.2226229 1.3196769
-0.035714906 -0.2226229 1.3196769
-0.025000433 -0.2226229 1.3196769
-0.014285961 -0.2226229 1.3196769
-0.0047619874 -0.2226229 1.3196769
0.0047619874 -0.2226229 1.3196769
0.014285962 -0.2226229 1.3196769
0.025000433 -0.2226229 1.3196769
0.035714906 -0.2226229 1.3196769
0.045238879 -0.2226229 1.3196769
0.054762855 -0.2226229 1.3196769
0.064286828 -0.2226229 1.3196769
0.075001299 -0.2226229 1.3196769
0.085715771 -0.2226229 1.3196769
0.095239744 -0.2226229 1.3196769
0.10476372 -0.2226229 1.3196769
0.11428769 -0.2226229 1.3196769
0.12500216 -0.2226229 1.3196769
0.13571665 -0.2226229 1.3196769
0.14524062 -0.2226229 1.3196769
0.15476459 -0.2226229 1.3196769
0.16428855 -0.2226229 1.3196769
0.17500302 -0.2226229 1.3196769
0.18571751 -0.2226229 1.3196769
0.19405098 -0.22262292 1.3196769
0.30476716 -0.2226229 1.3196769
0.31429115 -0.2226229 1.3196769
0.32500559 -0.2226229 1.3196769
0.33572012 -0.2226229 1.3196769
0.34524408 -0.2226229 1.3196769
0.35476807 -0.2226229 1.3196769
0.36310151 -0.22262292 1.3196769
-0.39511505 -0.21692254 1.313972
-0.38523722 -0.21692222 1.3139716
-0.3749634 -0.21670422 1.3137537
-0.36508796 -0.21692254 1.313972
-0.35520744 -0.21714115 1.3141907
-0.34493527 -0.21692221 1.3139719
-0.33505735 -0.21692252 1.3139721
-0.32518694 -0.21670423 1.3137537
-0.31489882 -0.21714115 1.3141907
-0.30502847 -0.21692254 1.313972
-0.29515058 -0.21692222 1.3139718
-0.28489172 -0.21670423 1.3137537
-0.27500129 -0.21692252 1.3139721
-0.26510584 -0.21714115 1.3141907
-0.25484869 -0.21692221 1.3139719
-0.24459651 -0.21670422 1.3137537
-0.23469937 -0.21692254 1.313972
-0.22521658 -0.21692252 1.3139721
-0.21531278 -0.21714115 1.3141907
-0.20506398 -0.21692221 1.3139718
-0.19482006 -0.21670422 1.3137537
-0.18491465 -0.21692252 1.3139721
-0.17543185 -0.21692252 1.3139721
-0.16512707 -0.21712522 1.3141749
-0.15488407 -0.21692252 1.3139721
-0.073922165 -0.21755362 1.3146038
-0.064844787 -0.21671954 1.313769
-0.054526117 -0.21692254 1.313972
-0.045043319 -0.21692252 1.3139721
-0.035560507 -0.21692252 1.3139721
-0.024892358 -0.21692252 1.3139721
-0.014224204 -0.21692254 1.3139721
-0.0047414014 -0.21692254 1.313972
0.0047414014 -0.21692254 1.313972
0.014224204 -0.21692252 1.3139721
0.02489236 -0.21692252 1.3139722
0.035560511 -0.21692254 1.313972
0.045043316 -0.21692252 1.313972
0.05452612 -0.21692254 1.313972
0.064844787 -0.21671954 1.313769
0.075418167 -0.21714114 1.3141907
0.085345231 -0.21692254 1.3139721
0.094828032 -0.21692254 1.313972
0.10474841 -0.21670423 1.3137536
0.11533468 -0.21712525 1.3141749
0.12564714 -0.21692252 1.3139721
0.13512994 -0.21692254 1.313972
0.14461274 -0.21692254 1.313972
0.15452483 -0.21670422 1.3137537
0.16512708 -0.21712525 1.3141749
0.17543186 -0.21692252 1.3139721
0.18491466 -0.21692254 1.313972
0.19321212 -0.21692252 1.313972
0.30502847 -0.21692252 1.3139721
0.31489882 -0.21714115 1.3141907
0.32518694 -0.21670423 1.3137536
0.33505729 -0.21692254 1.313972
0.34493527 -0.21692221 1.3139719
0.35520741 -0.21714114 1.314191
0.36271724 -0.21692254 1.313972
0.097105801 -0.24576364 1.3289331
0.14500339 -0.24327418 1.328432
-0.39544111 -0.23127314 1.328334
-0.38585469 -0.23127314 1.328334
-0.37506992 -0.23127314 1.328334
-0.36428514 -0.23127314 1.328334
-0.35469872 -0.23127314 1.328334
-0.34511226 -0.23127314 1.328334
-0.33552581 -0.23127314 1.328334
-0.32593939 -0.23127314 1.328334
-0.31515461 -0.23127314 1.328334
-0.30436984 -0.23127314 1.328334
-0.29478341 -0.23127314 1.328334
-0.28519693 -0.23127314 1.328334
-0.27561051 -0.23127314 1.328334
-0.26482573 -0.23127314 1.328334
-0.25404099 -0.23127314 1.328334
-0.24445452 -0.23127314 1.328334
-0.23486806 -0.23127314 1.328334
-0.22528163 -0.23127314 1.328334
-0.21569517 -0.23127314 1.328334
-0.20491043 -0.23127314 1.328334
-0.19412565 -0.23127314 1.328334
-0.1845392 -0.23127314 1.328334
-0.17495275 -0.23127314 1.328334
-0.16536629 -0.23127314 1.328334
-0.15577984 -0.23127314 1.328334
-0.14739169 -0.23127313 1.328334
-0.082683146 -0.23127313 1.328334
-0.074294999 -0.23127314 1.328334
-0.064708553 -0.23127314 1.328334
-0.0551221 -0.23127314 1.328334
-0.045535646 -0.23127314 1.328334
-0.035949193 -0.23127314 1.328334
-0.025164437 -0.23127314 1.328334
-0.014379678 -0.23127314 1.328334
-0.0047932258 -0.23127314 1.328334
0.0047932258 -0.23127314 1.328334
0.014379678 -0.23127314 1.328334
0.025164437 -0.23127314 1.328334
0.035949193 -0.23127314 1.328334
0.045535646 -0.23127314 1.328334
0.055122096 -0.23127314 1.328334
0.064708546 -0.23127314 1.328334
0.074294999 -0.23127314 1.328334
0.085079759 -0.23127314 1.328334
0.095864519 -0.23127314 1.328334
0.10545097 -0.23127314 1.328334
0.11503742 -0.23127314 1.328334
0.12462388 -0.23127314 1.328334
0.13421032 -0.23127314 1.328334
0.14499508 -0.23127314 1.328334
0.15577984 -0.23127314 1.328334
0.16536629 -0.23127314 1.328334
0.17495275 -0.23127314 1.328334
0.1845392 -0.23127314 1.328334
0.19412565 -0.23127314 1.328334
0.30556819 -0.23127313 1.328334
0.31515461 -0.23127314 1.328334
0.32593936 -0.23127314 1.328334
0.33552584 -0.23127314 1.328334
0.34511229 -0.23127314 1.328334
0.35469872 -0.23127314 1.328334
0.36428517 -0.23127314 1.328334
0.37027669 -0.23127314 1.328334
-0.39476389 -0.22677524 1.3238325
-0.38459367 -0.22693546 1.3239927
-0.37503856 -0.22693545 1.3239928
-0.36548343 -0.22693545 1.3239928
-0.3553071 -0.22709563 1.3241531
-0.34460559 -0.22677527 1.3238324
-0.33442932 -0.22693546 1.3239928
-0.32487419 -0.22693545 1.3239928
-0.31531903 -0.22693546 1.3239928
-0.30513668 -0.22709563 1.3241531
-0.29501307 -0.22693545 1.3239928
-0.2848933 -0.22677527 1.3238324
-0.27470976 -0.22693546 1.3239927
-0.26515463 -0.22693545 1.3239928
-0.25559953 -0.22693545 1.3239928
-0.24540991 -0.22709563 1.3241532
-0.23473498 -0.22677527 1.3238324
-0.22454536 -0.22693546 1.3239928
-0.21499026 -0.22693546 1.3239927
-0.20543514 -0.22693546 1.3239927
-0.19523945 -0.22709563 1.3241532
-0.18457668 -0.22677527 1.3238325
-0.174381 -0.22693545 1.3239928
-0.16482586 -0.22693545 1.3239928
-0.15527074 -0.22693545 1.3239928
-0.14855589 -0.22741602 1.3244737
-0.081307046 -0.22837715 1.3254356
-0.074706055 -0.22677527 1.3238325
-0.064497076 -0.22693545 1.3239928
-0.054941952 -0.22693546 1.3239927
-0.045386828 -0.22693546 1.3239927
-0.035831708 -0.22693545 1.3239928
-0.025082195 -0.22693546 1.3239927
-0.014332685 -0.22693546 1.3239927
-0.0047775609 -0.22693545 1.3239928
0.0047775609 -0.22693545 1.3239928
0.014332686 -0.22693545 1.3239928
0.025082195 -0.22693543 1.3239928
0.035831708 -0.22693546 1.3239927
0.045386836 -0.22693545 1.3239928
0.054941952 -0.22693545 1.3239928
0.064497076 -0.22693545 1.3239928
0.074706063 -0.22677524 1.3238325
0.085342236 -0.22709566 1.3241531
0.095551223 -0.22693545 1.3239928
0.10510635 -0.22693545 1.3239928
0.11466147 -0.22693546 1.3239927
0.12421659 -0.22693546 1.3239927
0.13496609 -0.22693543 1.3239927
0.14571562 -0.22693545 1.3239928
0.15527073 -0.22693545 1.3239928
0.16482586 -0.22693546 1.3239927
0.174381 -0.22693546 1.3239927
0.18457666 -0.22677524 1.3238325
0.19403268 -0.22714141 1.3241988
0.30576393 -0.22693545 1.3239928
0.31531906 -0.22693545 1.3239928
0.32487416 -0.22693545 1.3239928
0.33442932 -0.22693548 1.3239928
0.34460559 -0.22677527 1.3238325
0.35530716 -0.22709566 1.3241532
0.36548346 -0.22693548 1.3239928
-0.39563993 -0.24003763 1.3371054
-0.38599017 -0.24003763 1.3371054
-0.3751342 -0.24003763 1.3371054
-0.36427823 -0.24003763 1.3371054
-0.35462847 -0.24003763 1.3371054
-0.34497872 -0.24003763 1.3371054
-0.33532897 -0.24003763 1.3371054
-0.32567921 -0.24003763 1.3371054
-0.31602946 -0.24003763 1.3371054
-0.30517349 -0.24003763 1.3371054
-0.29431751 -0.24003763 1.3371054
-0.28466776 -0.24003763 1.3371054
-0.27501801 -0.24003763 1.3371054
-0.26536825 -0.24003763 1.3371054
-0.2557185 -0.24003763 1.3371054
-0.24486251 -0.24003763 1.3371054
-0.23400654 -0.24003763 1.3371054
-0.22435679 -0.24003763 1.3371054
-0.21470703 -0.24003763 1.3371054
-0.20505728 -0.24003763 1.3371054
-0.19540752 -0.24003763 1.3371054
-0.18575777 -0.24003763 1.3371054
-0.1749018 -0.24003763 1.3371054
-0.16404583 -0.24003763 1.3371054
-0.15439607 -0.24003763 1.3371054
-0.14474632 -0.24003763 1.3371054
-0.137509 -0.24003763 1.3371054
-0.092878886 -0.24003763 1.3371054
-0.084435351 -0.24003763 1.3371054
-0.074785598 -0.24003763 1.3371054
-0.065135844 -0.24003763 1.3371054
-0.055486087 -0.24003763 1.3371054
-0.045836333 -0.24003763 1.3371054
-0.03498036 -0.24003763 1.3371054
-0.024124386 -0.24003763 1.3371054
-0.014474631 -0.24003763 1.3371054
-0.0048248773 -0.24003763 1.3371054
0.0048248773 -0.24003763 1.3371054
0.014474632 -0.24003763 1.3371054
0.024124386 -0.24003763 1.3371054
0.03498036 -0.24003763 1.3371054
0.045836333 -0.24003763 1.3371054
0.055486087 -0.24003763 1.3371054
0.065135844 -0.24003763 1.3371054
0.074785598 -0.24003763 1.3371054
0.084818982 -0.24275541 1.3350294
0.093132056 -0.24204874 1.3349352
0.10494108 -0.24003763 1.3371054
0.11579705 -0.24003763 1.3371054
0.1254468 -0.24003763 1.3371054
0.13568299 -0.24125843 1.3349894
0.14474632 -0.24003763 1.3371054
0.15439607 -0.24003763 1.3371054
0.16404583 -0.24003763 1.3371054
0.1749018 -0.24003763 1.3371054
0.18575777 -0.24003763 1.3371054
0.19420131 -0.24003763 1.3371054
0.30637971 -0.24003763 1.3371054
0.31361702 -0.24003763 1.3371054
-0.39495754 -0.23548028 1.3325444
-0.38472039 -0.2356426 1.3327069
-0.3751024 -0.23564258 1.3327068
-0.36548439 -0.23564258 1.3327068
-0.35524112 -0.2358049 1.3328692
-0.34504482 -0.23564258 1.3327068
-0.33485234 -0.23548028 1.3325444
-0.32460788 -0.2356426 1.3327068
-0.31498984 -0.2356426 1.3327069
-0.30537185 -0.23564258 1.3327068
-0.29512125 -0.2358049 1.3328694
-0.28493223 -0.2356426 1.3327069
-0.27474707 -0.23548028 1.3325443
-0.26449528 -0.23564258 1.3327068
-0.25487727 -0.2356426 1.3327069
-0.24525926 -0.23564258 1.3327068
-0.23564126 -0.2356426 1.3327069
-0.22538215 -0.2358049 1.3328692
-0.21464184 -0.23548028 1.3325446
-0.20438272 -0.2356426 1.3327069
-0.19476472 -0.23564258 1.3327068
-0.18514672 -0.2356426 1.3327069
-0.17552868 -0.23564258 1.3327068
-0.16526225 -0.2358049 1.3328694
-0.1545366 -0.23548028 1.3325446
-0.14480746 -0.23585127 1.3329157
-0.13841057 -0.23710331 1.3341688
-0.091471329 -0.23710331 1.3341688
-0.084157586 -0.23564258 1.3327068
-0.074539579 -0.23564258 1.3327068
-0.064921573 -0.2356426 1.3327069
-0.055303562 -0.2356426 1.3327069
-0.045685545 -0.23564258 1.3327068
-0.03486529 -0.23564258 1.3327069
-0.024045026 -0.2356426 1.3327069
-0.014427016 -0.2356426 1.3327069
-0.0048090052 -0.2356426 1.3327069
0.0048090052 -0.23564258 1.3327068
0.014427016 -0.2356426 1.3327068
0.024045026 -0.23564258 1.3327068
0.03486529 -0.23564258 1.3327069
0.045685552 -0.23564258 1.3327068
0.055303559 -0.23564258 1.3327068
0.064921573 -0.23564258 1.3327069
0.074539587 -0.23564258 1.3327068
0.084157594 -0.2356426 1.3327069
0.094977848 -0.23564258 1.3327067
0.10579812 -0.23564258 1.3327068
0.11541612 -0.23564258 1.3327068
0.12503414 -0.23564258 1.3327068
0.13465215 -0.2356426 1.3327068
0.14427015 -0.2356426 1.3327069
0.15453659 -0.23548028 1.3325444
0.16526225 -0.2358049 1.3328694
0.17552869 -0.2356426 1.3327069
0.18514672 -0.23564258 1.3327068
0.19356246 -0.2356426 1.3327069
0.30657408 -0.2356426 1.3327069
0.31442466 -0.23543391 1.332498
0.32425177 -0.23418184 1.3312449
0.33506018 -0.23418185 1.3312449
0.34586859 -0.23418185 1.3312449
0.35547602 -0.23418184 1.3312449
0.36148068 -0.23418184 1.3312449
-0.39428651 -0.25190529 1.3489825
-0.38455108 -0.25190529 1.3489825
-0.37481561 -0.25190529 1.3489825
-0.36508015 -0.25190529 1.3489825
-0.35534462 -0.25190529 1.3489825
-0.34560916 -0.25190529 1.3489825
-0.33587372 -0.25190529 1.3489825
-0.32492131 -0.25190529 1.3489825
-0.31396893 -0.25190529 1.3489825
-0.30423343 -0.25190529 1.3489825
-0.29449794 -0.25190529 1.3489825
-0.28476247 -0.25190529 1.3489825
-0.27502701 -0.25190529 1.3489825
-0.26529154 -0.25190529 1.3489825
-0.25555611 -0.25190529 1.3489825
-0.24582061 -0.25190529 1.3489825
-0.23486821 -0.25190529 1.3489825
-0.2239158 -0.25190529 1.3489825
-0.21418034 -0.25190529 1.3489825
-0.20444487 -0.25190529 1.3489825
-0.19470939 -0.25190529 1.3489825
-0.18497393 -0.25190529 1.3489825
-0.17523846 -0.25190529 1.3489825
-0.16550298 -0.25190529 1.3489825
-0.15576752 -0.25190529 1.3489825
-0.14603205 -0.25190529 1.3489825
-0.13507965 -0.25190529 1.3489825
-0.12412724 -0.25190529 1.3489825
-0.11439177 -0.25190529 1.3489825
-0.10465629 -0.25190529 1.3489825
-0.094920829 -0.25190529 1.3489825
-0.085185364 -0.25190529 1.3489825
-0.075449891 -0.25190529 1.3489825
-0.065714419 -0.25190529 1.3489825
-0.055978954 -0.25190529 1.3489825
-0.045026548 -0.25190529 1.3489825
-0.034074143 -0.25190529 1.3489825
-0.024338674 -0.25190529 1.3489825
-0.014603205 -0.25190529 1.3489825
-0.0048677344 -0.25190529 1.3489825
0.0048677349 -0.25190529 1.3489825
0.014603205 -0.25190529 1.3489825
0.024338674 -0.25190529 1.3489825
0.034074143 -0.25190529 1.3489825
0.045026548 -0.25190529 1.3489825
0.055978954 -0.25190529 1.3489825
0.065714419 -0.25190529 1.3489825
0.075449891 -0.25190529 1.3489825
0.081534557 -0.25190529 1.3489825
0.17767233 -0.25190529 1.3489825
0.18497393 -0.25190529 1.3489825
0.19470939 -0.25190529 1.3489825
0.20079407 -0.25190529 1.3489825
-0.39496753 -0.24594963 1.3430222
-0.3848736 -0.246178 1.3432508
-0.37477314 -0.24594963 1.3430222
-0.36508068 -0.24594963 1.343022
-0.35498443 -0.24594928 1.3430219
-0.34488806 -0.24594963 1.3430222
-0.33479783 -0.24572159 1.3427937
-0.32469726 -0.24594963 1.3430222
-0.3150048 -0.24594963 1.3430222
-0.30531234 -0.24594963 1.343022
-0.29520315 -0.24617802 1.3432505
-0.28511792 -0.24594963 1.3430222
-0.27502167 -0.24594927 1.3430219
-0.2649253 -0.24594963 1.343022
-0.25484866 -0.24572156 1.3427938
-0.24473448 -0.24594961 1.343022
-0.23504202 -0.24594963 1.3430222
-0.22534956 -0.24594961 1.343022
-0.2152268 -0.246178 1.3432505
-0.20515518 -0.24594961 1.343022
-0.19505893 -0.24594928 1.3430216
-0.18459028 -0.24572158 1.3427938
-0.17446418 -0.24594963 1.3430222
-0.16477174 -0.24594961 1.343022
-0.15507928 -0.24594961 1.3430222
-0.14538682 -0.24594963 1.343022
-0.13569437 -0.24594961 1.3430222
-0.12586884 -0.24713592 1.3442094
-0.1146712 -0.24726677 1.3443402
-0.10375635 -0.24654254 1.3436153
-0.094501428 -0.24594961 1.343022
-0.084808975 -0.24594961 1.343022
-0.075116523 -0.24594963 1.3430222
-0.065424077 -0.24594963 1.3430222
-0.055731609 -0.24594963 1.3430222
-0.045579977 -0.246178 1.3432508
-0.03478267 -0.24573754 1.3428099
-0.024231138 -0.24594963 1.343022
-0.01453868 -0.24594963 1.3430222
-0.0048462278 -0.24594961 1.3430222
0.0048462274 -0.24594963 1.343022
0.014538683 -0.24594963 1.3430222
0.024231136 -0.24594963 1.3430222
0.034782667 -0.24573755 1.3428098
0.045579985 -0.246178 1.3432508
0.055731621 -0.24594963 1.343022
0.06542407 -0.24594963 1.343022
0.075116523 -0.24594963 1.343022
0.08434169 -0.24495991 1.3420317
0.094396889 -0.24446507 1.3415365
0.10407862 -0.24446507 1.3415364
0.11497058 -0.24446508 1.3415363
0.12586252 -0.24446507 1.3415365
0.13468666 -0.24397169 1.3410426
0.14506564 -0.24298494 1.3400551
0.15473668 -0.24298494 1.3400551
0.16520736 -0.243577 1.3406476
0.17446418 -0.24594963 1.3430222
0.18459027 -0.24572156 1.3427939
0.19421773 -0.24621914 1.3432918
0.3061848 -0.2444651 1.3415364
0.31189111 -0.24298494 1.3400551
-0.39448071 -0.26094532 1.3580297
-0.38467994 -0.26094532 1.3580297
-0.37487918 -0.26094532 1.3580297
-0.36507842 -0.26094532 1.3580297
-0.35527766 -0.26094532 1.3580297
-0.3454769 -0.26094532 1.3580297
-0.33567613 -0.26094532 1.3580297
-0.32587537 -0.26094532 1.3580297
-0.31607461 -0.26094532 1.3580297
-0.30504876 -0.26094532 1.3580297
-0.29402289 -0.26094532 1.3580297
-0.28422213 -0.26094532 1.3580297
-0.27442136 -0.26094532 1.3580297
-0.2646206 -0.26094532 1.3580297
-0.25481984 -0.26094532 1.3580297
-0.24501908 -0.26094532 1.3580297
-0.23521832 -0.26094532 1.3580297
-0.22541755 -0.26094532 1.3580297
-0.21561678 -0.26094532 1.3580297
-0.20581602 -0.26094532 1.3580297
-0.19601525 -0.26094532 1.3580297
-0.18498941 -0.26094532 1.3580297
-0.17396355 -0.26094532 1.3580297
-0.16416277 -0.26094532 1.3580297
-0.15436202 -0.26094532 1.3580297
-0.14456125 -0.26094532 1.3580297
-0.1347605 -0.26094532 1.3580297
-0.12495972 -0.26094532 1.3580297
-0.11515896 -0.26094532 1.3580297
-0.1053582 -0.26094532 1.3580297
-0.095557436 -0.26094532 1.3580297
-0.085756674 -0.26094532 1.3580297
-0.075955912 -0.26094532 1.3580297
-0.064930059 -0.26094532 1.3580297
-0.053904198 -0.26094532 1.3580297
-0.044103432 -0.26094532 1.3580297
-0.034302671 -0.26094532 1.3580297
-0.024501909 -0.26094532 1.3580297
-0.014701145 -0.26094532 1.3580297
-0.0049003814 -0.26094532 1.3580297
0.0049003814 -0.26094532 1.3580297
0.014701145 -0.26094532 1.3580297
0.024501907 -0.26094532 1.3580297
0.034302671 -0.26094532 1.3580297
0.044103436 -0.26094532 1.3580297
0.053904198 -0.26094532 1.3580297
0.064930059 -0.26094532 1.3580297
0.07595592 -0.26094532 1.3580297
0.082081392 -0.26094532 1.3580297
-0.39560479 -0.25641188 1.3534927
-0.38520542 -0.25657928 1.3536602
-0.3748464 -0.25641188 1.3534926
-0.36507833 -0.25641188 1.3534926
-0.35472447 -0.25624448 1.3533251
-0.34432268 -0.25641188 1.3534927
-0.33455464 -0.25641188 1.3534927
-0.32478663 -0.25641188 1.3534927
-0.31501859 -0.25641188 1.3534927
-0.30525061 -0.25641188 1.3534927
-0.29548261 -0.25641188 1.3534926
-0.28571457 -0.25641188 1.3534927
-0.27530161 -0.25657928 1.3536602
-0.26495618 -0.25641188 1.3534927
-0.25461465 -0.25624448 1.3533252
-0.24420048 -0.25641188 1.3534927
-0.23443247 -0.25641188 1.3534927
-0.22466445 -0.25641188 1.3534927
-0.21489641 -0.25641188 1.3534926
-0.20512842 -0.25641188 1.3534926
-0.19536038 -0.25641188 1.3534926
-0.18559237 -0.25641188 1.3534926
-0.17582434 -0.25641188 1.3534926
-0.16539781 -0.25657928 1.3536601
-0.15450484 -0.25624448 1.3533251
-0.14407828 -0.25641188 1.3534927
-0.13431026 -0.25641188 1.3534927
-0.12454225 -0.25641188 1.3534926
-0.11477423 -0.25641188 1.3534926
-0.1050062 -0.25641188 1.3534927
-0.095238186 -0.25641188 1.3534927
-0.08547017 -0.25641188 1.3534927
-0.075702153 -0.25641188 1.3534927
-0.065934129 -0.25641188 1.3534927
-0.054945111 -0.25641188 1.3534926
-0.043956086 -0.25641188 1.3534927
-0.034188066 -0.25641188 1.3534927
-0.024420047 -0.25641188 1.3534927
-0.014652029 -0.25641188 1.3534927
-0.0048840097 -0.25641188 1.3534927
0.0048840097 -0.25641188 1.3534927
0.01465203 -0.25641188 1.3534926
0.024420049 -0.25641188 1.3534927
0.034188069 -0.25641188 1.3534927
0.043956086 -0.25641188 1.3534926
0.054945104 -0.25641188 1.3534927
0.065934129 -0.25641188 1.3534926
0.075702146 -0.25641188 1.3534926
0.081807166 -0.25641185 1.3534926
-0.39467749 -0.27010742 1.3671991
-0.38481054 -0.27010742 1.3671991
-0.37494361 -0.27010742 1.3671991
-0.36507666 -0.27010742 1.3671991
-0.35520971 -0.27010742 1.3671991
-0.34534281 -0.27010742 1.3671991
-0.33547586 -0.27010742 1.3671991
-0.32560891 -0.27010742 1.3671991
-0.31574199 -0.27010742 1.3671991
-0.30587506 -0.27010742 1.3671991
-0.29600811 -0.27010742 1.3671991
-0.28614119 -0.27010742 1.3671991
-0.27504086 -0.27010742 1.3671991
-0.26394057 -0.27010742 1.3671991
-0.25407362 -0.27010742 1.3671991
-0.2442067 -0.27010742 1.3671991
-0.23433976 -0.27010742 1.3671991
-0.22447282 -0.27010742 1.3671991
-0.2146059 -0.27010742 1.3671991
-0.20473894 -0.27010742 1.3671991
-0.19487201 -0.27010742 1.3671991
-0.18500507 -0.27010742 1.3671991
-0.17513815 -0.27010742 1.3671991
-0.16527119 -0.27010742 1.3671991
-0.15540427 -0.27010742 1.3671991
-0.14553732 -0.27010742 1.3671991
-0.13567039 -0.27010742 1.3671991
-0.12580344 -0.27010742 1.3671991
-0.11593652 -0.27010742 1.3671991
-0.10606957 -0.27010742 1.3671991
-0.094969273 -0.27010742 1.3671991
-0.083868973 -0.27010742 1.3671991
-0.074002028 -0.27010742 1.3671991
-0.06413509 -0.27010742 1.3671991
-0.054268152 -0.27010742 1.3671991
-0.044401217 -0.27010742 1.3671991
-0.034534279 -0.27010742 1.3671991
-0.024667345 -0.27010742 1.3671991
-0.014800405 -0.27010742 1.3671991
-0.0049334685 -0.27010742 1.3671991
0.0049334685 -0.27010742 1.3671991
0.014800405 -0.27010742 1.3671991
0.024667345 -0.27010742 1.3671991
0.034534279 -0.27010742 1.3671991
0.044401217 -0.27010742 1.3671991
0.054268155 -0.27010742 1.3671991
0.06413509 -0.27010742 1.3671991
0.074002028 -0.27010742 1.3671991
0.081402227 -0.27010742 1.3671991
-0.39517415 -0.26568234 1.3627706
-0.38474411 -0.26551268 1.3626007
-0.37491038 -0.26551265 1.3626007
-0.3650766 -0.26551265 1.3626007
-0.35524285 -0.26551265 1.3626007
-0.3448205 -0.26534298 1.3624309
-0.33434755 -0.26551265 1.3626007
-0.32451379 -0.26551265 1.3626007
-0.31468004 -0.26551265 1.3626007
-0.30484629 -0.26551265 1.3626007
-0.29501253 -0.26551265 1.3626007
-0.28517878 -0.26551265 1.3626007
-0.27534503 -0.26551265 1.3626007
-0.26551127 -0.26551265 1.3626007
-0.25567752 -0.26551268 1.3626007
-0.24584377 -0.26551265 1.3626007
-0.23535578 -0.26568234 1.3627706
-0.22494566 -0.26551265 1.3626007
-0.21511193 -0.26551265 1.3626007
-0.20470706 -0.26534298 1.3624309
-0.19421658 -0.26551265 1.3626007
-0.18438283 -0.26551265 1.3626007
-0.17454907 -0.26551265 1.3626007
-0.16471533 -0.26551265 1.3626007
-0.15488158 -0.26551265 1.3626007
-0.14504783 -0.26551265 1.3626007
-0.13521408 -0.26551268 1.3626007
-0.12538032 -0.26551265 1.3626007
-0.11554657 -0.26551265 1.3626007
-0.10571282 -0.26551265 1.3626007
-0.095879078 -0.26551265 1.3626007
-0.086045317 -0.26551265 1.3626007
-0.075537406 -0.26568234 1.3627706
-0.064593554 -0.26534298 1.3624309
-0.054085627 -0.26551265 1.3626007
-0.044251878 -0.26551268 1.3626007
-0.034418128 -0.26551265 1.3626007
-0.024584375 -0.26551265 1.3626007
-0.014750627 -0.26551265 1.3626007
-0.0049168756 -0.26551265 1.3626007
0.0049168752 -0.26551268 1.3626007
0.014750626 -0.26551265 1.3626007
0.024584375 -0.26551268 1.3626007
0.034418128 -0.26551265 1.3626007
0.044251882 -0.26551265 1.3626007
0.054085635 -0.26551265 1.3626007
0.064593546 -0.26534298 1.3624309
0.075537406 -0.26568234 1.3627706
0.08235766 -0.26551265 1.3626006
-0.39577374 -0.28251773 1.3796192
-0.38581717 -0.28251773 1.3796192
-0.3758606 -0.28251773 1.3796192
-0.36590403 -0.28251773 1.3796192
-0.35594746 -0.28251773 1.3796192
-0.3459909 -0.28251773 1.3796192
-0.3360343 -0.28251773 1.3796192
-0.32607776 -0.28251773 1.3796192
-0.31612116 -0.28251773 1.3796192
-0.30616459 -0.28251773 1.3796192
-0.29620802 -0.28251773 1.3796192
-0.28500688 -0.28251773 1.3796192
-0.27380574 -0.28251773 1.3796192
-0.26384917 -0.28251773 1.3796192
-0.2538926 -0.28251773 1.3796192
-0.24393603 -0.28251773 1.3796192
-0.23397946 -0.28251773 1.3796192
-0.22402288 -0.28251773 1.3796192
-0.2140663 -0.28251773 1.3796192
-0.20410974 -0.28251773 1.3796192
-0.19415316 -0.28251773 1.3796192
-0.18419659 -0.28251773 1.3796192
-0.17424001 -0.28251773 1.3796192
-0.16428344 -0.28251773 1.3796192
-0.15432687 -0.28251773 1.3796192
-0.14437029 -0.28251773 1.3796192
-0.13441373 -0.28251773 1.3796192
-0.12445715 -0.28251773 1.3796192
-0.11450058 -0.28251773 1.3796192
-0.10454401 -0.28251773 1.3796192
-0.094587438 -0.28251773 1.3796192
-0.084630869 -0.28251773 1.3796192
-0.074674293 -0.28251773 1.3796192
-0.064717725 -0.28251773 1.3796192
-0.054761149 -0.28251773 1.3796192
-0.044804573 -0.28251773 1.3796192
-0.034848005 -0.28251773 1.3796192
-0.024891432 -0.28251773 1.3796192
-0.014934858 -0.28251773 1.3796192
-0.0049782866 -0.28251773 1.3796192
0.0049782861 -0.28251773 1.3796192
0.014934859 -0.28251773 1.3796192
0.024891431 -0.28251773 1.3796192
0.034848005 -0.28251773 1.3796192
0.044804573 -0.28251773 1.3796192
0.054761149 -0.28251773 1.3796192
0.064717725 -0.28251773 1.3796192
0.074674293 -0.28251773 1.3796192
0.082141727 -0.28251773 1.3796192
-0.3948096 -0.27628922 1.3733858
-0.38489804 -0.27628917 1.3733858
-0.37498644 -0.27628922 1.3733858
-0.36507487 -0.27628919 1.3733855
-0.35516334 -0.27628919 1.3733855
-0.34525171 -0.27628919 1.3733855
-0.33493331 -0.27605075 1.3731471
-0.32460442 -0.27628917 1.3733858
-0.31469283 -0.27628917 1.3733858
-0.30478126 -0.27628919 1.3733858
-0.29486966 -0.27628917 1.3733855
-0.28495806 -0.27628919 1.3733855
-0.2750465 -0.27628917 1.3733858
-0.2651349 -0.27628917 1.3733858
-0.25522333 -0.27628919 1.3733858
-0.24531175 -0.27628917 1.3733858
-0.23540016 -0.27628922 1.3733858
-0.22548856 -0.27628919 1.3733859
-0.21557701 -0.27628917 1.3733855
-0.20566541 -0.27628919 1.3733858
-0.19575383 -0.27628919 1.3733859
-0.18539698 -0.27652806 1.3736247
-0.17510282 -0.27628917 1.3733858
-0.16519122 -0.27628919 1.3733858
-0.15527965 -0.27628919 1.3733858
-0.14495519 -0.27628884 1.3733853
-0.13463049 -0.27628919 1.3733858
-0.12471893 -0.27628919 1.3733855
-0.11443888 -0.27605072 1.3731471
-0.10407165 -0.27628919 1.3733858
-0.094160058 -0.27628917 1.3733858
-0.084248476 -0.27628917 1.3733858
-0.074336894 -0.27628922 1.3733858
-0.064425305 -0.27628919 1.3733858
-0.054513723 -0.27628919 1.3733858
-0.044602137 -0.27628917 1.3733858
-0.034690555 -0.27628919 1.3733855
-0.024778964 -0.27628919 1.3733858
-0.014867377 -0.27628919 1.3733858
-0.0049557933 -0.27628919 1.3733858
0.0049557923 -0.27628922 1.3733858
0.014867377 -0.27628919 1.3733858
0.024778964 -0.27628919 1.3733858
0.034690551 -0.27628919 1.3733855
0.044602137 -0.27628919 1.3733858
0.054513723 -0.27628917 1.3733855
0.064425312 -0.27628919 1.3733855
0.074336894 -0.27628919 1.3733855
0.081770584 -0.27628919 1.3733858
-0.39598253 -0.29197446 1.3890834
-0.38595766 -0.29197446 1.3890834
-0.37593278 -0.29197446 1.3890834
-0.36590791 -0.29197446 1.3890834
-0.35588306 -0.29197446 1.3890834
-0.34585816 -0.29197446 1.3890834
-0.33583328 -0.29197446 1.3890834
-0.32580841 -0.29197446 1.3890834
-0.31578353 -0.29197446 1.3890834
-0.30575866 -0.29197446 1.3890834
-0.29573378 -0.29197446 1.3890834
-0.2857089 -0.29197446 1.3890834
-0.27568403 -0.29197446 1.3890834
-0.26565915 -0.29197446 1.3890834
-0.25563428 -0.29197446 1.3890834
-0.24560942 -0.29197446 1.3890834
-0.23558454 -0.29197446 1.3890834
-0.22555965 -0.29197446 1.3890834
-0.21553479 -0.29197446 1.3890834
-0.20550992 -0.29197446 1.3890834
-0.19548506 -0.29197446 1.3890834
-0.18546018 -0.29197446 1.3890834
-0.1754353 -0.29197446 1.3890834
-0.16541041 -0.29197446 1.3890834
-0.15538555 -0.29197446 1.3890834
-0.14536068 -0.29197446 1.3890834
-0.1353358 -0.29197446 1.3890834
-0.12531093 -0.29197446 1.3890834
-0.11528606 -0.29197446 1.3890834
-0.10526118 -0.29197446 1.3890834
-0.095236309 -0.29197446 1.3890834
-0.085211426 -0.29197446 1.3890834
-0.075186551 -0.29197446 1.3890834
-0.065161675 -0.29197446 1.3890834
-0.055136807 -0.29197446 1.3890834
-0.045111932 -0.29197446 1.3890834
-0.03508706 -0.29197446 1.3890834
-0.025062185 -0.29197446 1.3890834
-0.015037312 -0.29197446 1.3890834
-0.0050124372 -0.29197446 1.3890834
0.0050124368 -0.29197446 1.3890834
0.015037312 -0.29197446 1.3890834
0.025062185 -0.29197446 1.3890834
0.03508706 -0.29197446 1.3890834
0.045111932 -0.29197446 1.3890834
0.055136807 -0.29197446 1.3890834
0.065161675 -0.29197446 1.3890834
0.075186551 -0.29197446 1.3890834
0.08395832 -0.29197446 1.3890834
-0.39462948 -0.28723174 1.3843369
-0.38463885 -0.28723174 1.3843369
-0.37464824 -0.28723174 1.3843369
-0.36465761 -0.28723174 1.3843369
-0.35466698 -0.28723174 1.3843369
-0.34467635 -0.28723174 1.3843369
-0.33468571 -0.28723174 1.3843369
-0.32469514 -0.28723174 1.3843369
-0.31470451 -0.28723174 1.3843369
-0.3047139 -0.28723174 1.3843369
-0.2947233 -0.28723174 1.3843369
-0.28473264 -0.28723174 1.3843369
-0.27474204 -0.28723174 1.3843369
-0.2647514 -0.28723174 1.3843369
-0.2547608 -0.28723174 1.3843369
-0.2447702 -0.28723174 1.3843369
-0.23477957 -0.28723174 1.3843369
-0.22478895 -0.28723174 1.3843369
-0.21479833 -0.28723174 1.3843369
-0.20480771 -0.28723174 1.3843369
-0.19481708 -0.28723174 1.3843369
-0.18482646 -0.28723174 1.3843369
-0.17483585 -0.28723174 1.3843369
-0.16484523 -0.28723174 1.3843369
-0.15485461 -0.28723174 1.3843369
-0.14486398 -0.28723174 1.3843369
-0.13487336 -0.28723174 1.3843369
-0.12488275 -0.28723174 1.3843369
-0.11489213 -0.28723174 1.3843369
-0.10490151 -0.28723174 1.3843369
-0.094910882 -0.28723174 1.3843369
-0.084920265 -0.28723174 1.3843369
-0.074929647 -0.28723174 1.3843369
-0.064939022 -0.28723174 1.3843369
-0.054948408 -0.28723174 1.3843369
-0.044957783 -0.28723174 1.3843369
-0.034967169 -0.28723174 1.3843369
-0.024976548 -0.28723174 1.3843369
-0.014985929 -0.28723174 1.3843369
-0.0049953097 -0.28723174 1.3843369
0.0049953097 -0.28723174 1.3843369
0.014985929 -0.28723174 1.3843369
0.02497655 -0.28723174 1.3843369
0.034967169 -0.28723174 1.3843369
0.044957787 -0.28723174 1.3843369
0.054948412 -0.28723174 1.3843369
0.06493903 -0.28723174 1.3843369
0.07492964 -0.28723174 1.3843369
0.083191551 -0.28754696 1.3846524
-0.39619422 -0.30156186 1.3986784
-0.38610011 -0.30156186 1.3986784
-0.37600601 -0.30156186 1.3986784
-0.36591187 -0.30156186 1.3986784
-0.35581774 -0.30156186 1.3986784
-0.34572366 -0.30156186 1.3986784
-0.33562949 -0.30156186 1.3986784
-0.32553542 -0.30156186 1.3986784
-0.31544128 -0.30156186 1.3986784
-0.30534714 -0.30156186 1.3986784
-0.29525304 -0.30156186 1.3986784
-0.2851589 -0.30156186 1.3986784
-0.27506477 -0.30156186 1.3986784
-0.26497066 -0.30156186 1.3986784
-0.25487655 -0.30156186 1.3986784
-0.24478242 -0.30156186 1.3986784
-0.23468831 -0.30156186 1.3986784
-0.22459418 -0.30156186 1.3986784
-0.21450007 -0.30156186 1.3986784
-0.20440595 -0.30156186 1.3986784
-0.19431183 -0.30156186 1.3986784
-0.18421769 -0.30156186 1.3986784
-0.17412359 -0.30156186 1.3986784
-0.16402946 -0.30156186 1.3986784
-0.15393534 -0.30156186 1.3986784
-0.14384121 -0.30156186 1.3986784
-0.13500887 -0.30156186 1.3986784
-0.12617651 -0.30156186 1.3986784
-0.11608239 -0.30156186 1.3986784
-0.10598826 -0.30156186 1.3986784
-0.095894143 -0.30156186 1.3986784
-0.085800029 -0.30156186 1.3986784
-0.075705908 -0.30156186 1.3986784
-0.06561178 -0.30156186 1.3986784
-0.055517662 -0.30156186 1.3986784
-0.045423545 -0.30156186 1.3986784
-0.03532942 -0.30156186 1.3986784
-0.025235303 -0.30156186 1.3986784
-0.015141181 -0.30156186 1.3986784
-0.0050470605 -0.30156186 1.3986784
0.0050470605 -0.30156186 1.3986784
0.015141181 -0.30156186 1.3986784
0.025235299 -0.30156186 1.3986784
0.03532942 -0.30156186 1.3986784
0.045423541 -0.30156186 1.3986784
0.055517666 -0.30156186 1.3986784
0.06561178 -0.30156186 1.3986784
0.075705901 -0.30156186 1.3986784
0.084538259 -0.30156186 1.3986784
-0.39483112 -0.2967535 1.3938663
-0.3847717 -0.2967535 1.3938663
-0.37471232 -0.2967535 1.3938663
-0.36465293 -0.2967535 1.3938663
-0.35459358 -0.2967535 1.3938663
-0.34453416 -0.2967535 1.3938663
-0.33447474 -0.2967535 1.3938663
-0.32441539 -0.2967535 1.3938663
-0.31435597 -0.2967535 1.3938663
-0.30429658 -0.2967535 1.3938663
-0.2942372 -0.2967535 1.3938663
-0.28417778 -0.2967535 1.3938663
-0.27411842 -0.2967535 1.3938663
-0.26464057 -0.29698178 1.3940947
-0.25525561 -0.2967535 1.3938663
-0.24519622 -0.2967535 1.3938663
-0.23513684 -0.2967535 1.3938663
-0.22507745 -0.2967535 1.3938663
-0.21501806 -0.2967535 1.3938663
-0.20495866 -0.2967535 1.3938663
-0.19489928 -0.2967535 1.3938663
-0.18483987 -0.2967535 1.3938663
-0.17547098 -0.29652524 1.3936378
-0.16597997 -0.2967535 1.3938663
-0.15592057 -0.2967535 1.3938663
-0.14586118 -0.2967535 1.3938663
-0.13580178 -0.2967535 1.3938663
-0.12574239 -0.2967535 1.3938663
-0.115683 -0.2967535 1.3938663
-0.10562362 -0.2967535 1.3938663
-0.095564216 -0.2967535 1.3938663
-0.085504822 -0.2967535 1.3938663
-0.075445443 -0.2967535 1.3938663
-0.065386042 -0.2967535 1.3938663
-0.055326656 -0.2967535 1.3938663
-0.045267262 -0.2967535 1.3938663
-0.035207871 -0.2967535 1.3938663
-0.025148477 -0.2967535 1.3938663
-0.015089087 -0.2967535 1.3938663
-0.0050296956 -0.2967535 1.3938663
0.005029696 -0.2967535 1.3938663
0.015089087 -0.2967535 1.3938663
0.025148479 -0.2967535 1.3938663
0.035207871 -0.2967535 1.3938663
0.045267258 -0.2967535 1.3938663
0.055326652 -0.2967535 1.3938663
0.065386042 -0.2967535 1.3938663
0.075445436 -0.2967535 1.3938663
0.08424741 -0.2967535 1.3938662
-0.39386776 -0.3112826 1.4084069
-0.384974 -0.3112826 1.4084069
-0.37608019 -0.3112826 1.4084069
-0.36591589 -0.3112826 1.4084069
-0.35575154 -0.3112826 1.4084069
-0.34558719 -0.3112826 1.4084069
-0.3354229 -0.3112826 1.4084069
-0.32525855 -0.3112826 1.4084069
-0.31509423 -0.3112826 1.4084069
-0.30492988 -0.3112826 1.4084069
-0.29476559 -0.3112826 1.4084069
-0.28460124 -0.3112826 1.4084069
-0.27443689 -0.3112826 1.4084069
-0.26427257 -0.3112826 1.4084069
-0.25410822 -0.3112826 1.4084069
-0.24394391 -0.3112826 1.4084069
-0.23505013 -0.3112826 1.4084069
-0.22615634 -0.3112826 1.4084069
-0.215992 -0.3112826 1.4084069
-0.20582767 -0.3112826 1.4084069
-0.19566335 -0.3112826 1.4084069
-0.18549903 -0.3112826 1.4084069
-0.17533469 -0.3112826 1.4084069
-0.16517036 -0.3112826 1.4084069
-0.15500604 -0.3112826 1.4084069
-0.1448417 -0.3112826 1.4084069
-0.13467737 -0.3112826 1.4084069
-0.12451304 -0.3112826 1.4084069
-0.11434871 -0.3112826 1.4084069
-0.10418437 -0.3112826 1.4084069
-0.094020054 -0.3112826 1.4084069
-0.083855718 -0.3112826 1.4084069
-0.074961931 -0.3112826 1.4084069
-0.066068143 -0.3112826 1.4084069
-0.055903815 -0.3112826 1.4084069
-0.045739483 -0.3112826 1.4084069
-0.035575155 -0.3112826 1.4084069
-0.025410825 -0.3112826 1.4084069
-0.015246495 -0.3112826 1.4084069
-0.0050821649 -0.3112826 1.4084069
0.0050821649 -0.3112826 1.4084069
0.015246494 -0.3112826 1.4084069
0.025410824 -0.3112826 1.4084069
0.035575155 -0.3112826 1.4084069
0.045739479 -0.3112826 1.4084069
0.055903811 -0.3112826 1.4084069
0.066068143 -0.3112826 1.4084069
0.074961931 -0.3112826 1.4084069
0.083855718 -0.3112826 1.4084069
-0.39503556 -0.30640727 1.4035277
-0.38490644 -0.30640727 1.4035276
-0.37477732 -0.30640727 1.4035277
-0.36464819 -0.30640727 1.4035276
-0.35451913 -0.30640727 1.4035277
-0.34438998 -0.30640727 1.4035276
-0.33426088 -0.30640727 1.4035277
-0.32472727 -0.30663872 1.4037594
-0.31526732 -0.30640727 1.4035276
-0.30513817 -0.30640727 1.4035277
-0.29500905 -0.30640727 1.4035277
-0.28487998 -0.30640727 1.4035277
-0.27542964 -0.3061758 1.4032961
-0.26588932 -0.30640727 1.4035277
-0.25576022 -0.30640727 1.4035277
-0.2456311 -0.30640727 1.4035277
-0.23550197 -0.30640727 1.4035276
-0.22537287 -0.30640727 1.4035276
-0.21524374 -0.30640727 1.4035276
-0.20511462 -0.30640727 1.4035277
-0.19498551 -0.30640727 1.4035276
-0.18485638 -0.30640727 1.4035276
-0.17472726 -0.30640727 1.4035276
-0.16459815 -0.30640727 1.4035277
-0.15446903 -0.30640727 1.4035276
-0.14433992 -0.30640727 1.4035277
-0.13421081 -0.30640727 1.4035276
-0.12408168 -0.30640727 1.4035276
-0.11395257 -0.30640727 1.4035277
-0.10438259 -0.30663872 1.4037592
-0.095667481 -0.3061758 1.4032961
-0.086097494 -0.30640727 1.4035276
-0.075968377 -0.30640727 1.4035276
-0.065839261 -0.30640727 1.4035276
-0.055710141 -0.30640727 1.4035276
-0.045581028 -0.30640727 1.4035276
-0.035451911 -0.30640727 1.4035277
-0.025322793 -0.30640727 1.4035277
-0.015193675 -0.30640727 1.4035277
-0.0050645582 -0.30640727 1.4035277
0.0050645587 -0.30640727 1.4035277
0.015193676 -0.30640727 1.4035277
0.025322795 -0.30640727 1.4035276
0.035451911 -0.30640727 1.4035276
0.045581028 -0.30640727 1.4035277
0.055710141 -0.30640727 1.4035276
0.065839261 -0.30640727 1.4035276
0.075968385 -0.30640727 1.4035277
0.084831357 -0.30640727 1.4035276
-0.39406765 -0.32113954 1.4182717
-0.38511154 -0.32113954 1.4182717
-0.37615544 -0.32113954 1.4182717
-0.36591995 -0.32113954 1.4182717
-0.35568446 -0.32113954 1.4182717
-0.34544891 -0.32113954 1.4182717
-0.33521336 -0.32113954 1.4182717
-0.32497784 -0.32113954 1.4182717
-0.31474233 -0.32113954 1.4182717
-0.30450681 -0.32113954 1.4182717
-0.29427129 -0.32113954 1.4182717
-0.28403574 -0.32113954 1.4182717
-0.2750797 -0.32113954 1.4182717
-0.26612359 -0.32113954 1.4182717
-0.25588807 -0.32113954 1.4182717
-0.24565256 -0.32113954 1.4182717
-0.23541704 -0.32113954 1.4182717
-0.22518149 -0.32113954 1.4182717
-0.21494599 -0.32113954 1.4182717
-0.20471045 -0.32113954 1.4182717
-0.19447494 -0.32113954 1.4182717
-0.18423942 -0.32113954 1.4182717
-0.1740039 -0.32113954 1.4182717
-0.16504781 -0.32113954 1.4182717
-0.15609172 -0.32113954 1.4182717
-0.1458562 -0.32113954 1.4182717
-0.13562068 -0.32113954 1.4182717
-0.12538515 -0.32113954 1.4182717
-0.11514964 -0.32113954 1.4182717
-0.10491411 -0.32113954 1.4182717
-0.094678581 -0.32113954 1.4182717
-0.084443063 -0.32113954 1.4182717
-0.074207537 -0.32113954 1.4182717
-0.063972019 -0.32113954 1.4182717
-0.055015936 -0.32113954 1.4182717
-0.046059854 -0.32113954 1.4182717
-0.035824332 -0.32113954 1.4182717
-0.025588809 -0.32113954 1.4182717
-0.015353285 -0.32113954 1.4182717
-0.005117761 -0.32113954 1.4182717
0.0051177614 -0.32113954 1.4182717
0.015353285 -0.32113954 1.4182717
0.025588807 -0.32113954 1.4182717
0.035824329 -0.32113954 1.4182717
0.046059854 -0.32113954 1.4182717
0.055015936 -0.32113954 1.4182717
0.063972019 -0.32113954 1.4182717
0.074207544 -0.32113954 1.4182717
0.08444307 -0.32113954 1.4182717
-0.39524287 -0.31619579 1.4133239
-0.38504303 -0.31619579 1.4133239
-0.37484324 -0.31619579 1.413324
-0.36464342 -0.31619579 1.4133239
-0.35444361 -0.31619579 1.4133241
-0.34424376 -0.31619579 1.4133241
-0.33464524 -0.31643048 1.413559
-0.32511768 -0.31619576 1.4133241
-0.31491783 -0.31619579 1.4133239
-0.30539659 -0.31596109 1.4130892
-0.29579464 -0.31619579 1.4133241
-0.28559485 -0.31619579 1.4133241
-0.27539504 -0.31619579 1.4133239
-0.26519519 -0.31619582 1.4133239
-0.25499541 -0.31619579 1.413324
-0.24479559 -0.31619579 1.4133241
-0.23459575 -0.31619579 1.4133241
-0.22439593 -0.31619579 1.413324
-0.21419613 -0.31619579 1.4133239
-0.204576 -0.31643048 1.413559
-0.19507 -0.31619579 1.413324
-0.18556866 -0.31596109 1.4130892
-0.17594683 -0.31619579 1.4133241
-0.165747 -0.31619579 1.4133239
-0.15554719 -0.31619579 1.4133241
-0.14534737 -0.31619579 1.4133239
-0.13514757 -0.31619576 1.4133241
-0.12494775 -0.31619579 1.413324
-0.11474793 -0.31619579 1.413324
-0.10454811 -0.31619579 1.413324
-0.094348297 -0.31619579 1.4133239
-0.084148481 -0.31619579 1.4133241
-0.073948659 -0.31619579 1.4133241
-0.065023832 -0.31619576 1.413324
-0.056098986 -0.31619579 1.4133241
-0.045899171 -0.31619582 1.4133239
-0.035699353 -0.31619579 1.413324
-0.025499539 -0.31619579 1.4133241
-0.015299724 -0.31619579 1.4133241
-0.0050999075 -0.31619579 1.4133239
0.005099908 -0.31619579 1.4133239
0.015299724 -0.31619579 1.4133241
0.025499539 -0.31619579 1.4133241
0.035699356 -0.31619582 1.4133239
0.045899171 -0.31619582 1.4133239
0.056098986 -0.31619579 1.413324
0.065023817 -0.31619579 1.4133239
0.073948666 -0.31619579 1.4133241
0.084148474 -0.31619579 1.4133239
-0.39427024 -0.33113548 1.4282755
-0.38396254 -0.33113548 1.4282755
-0.37494329 -0.33113548 1.4282755
-0.36592403 -0.33113548 1.4282755
-0.35561633 -0.33113548 1.4282755
-0.3453086 -0.33113548 1.4282755
-0.3350009 -0.33113548 1.4282755
-0.32469317 -0.33113548 1.4282755
-0.31438544 -0.33113548 1.4282755
-0.30407771 -0.33113548 1.4282755
-0.29505846 -0.33113548 1.4282755
-0.28603923 -0.33113548 1.4282755
-0.2757315 -0.33113548 1.4282755
-0.26542377 -0.33113548 1.4282755
-0.25511605 -0.33113548 1.4282755
-0.24480835 -0.33113548 1.4282755
-0.23450062 -0.33113548 1.4282755
-0.2241929 -0.33113548 1.4282755
-0.21388517 -0.33113548 1.4282755
-0.20486592 -0.33113548 1.4282755
-0.19584666 -0.33113548 1.4282755
-0.18553895 -0.33113548 1.4282755
-0.17523123 -0.33113548 1.4282755
-0.16492352 -0.33113548 1.4282755
-0.15461579 -0.33113548 1.4282755
-0.14430808 -0.33113548 1.4282755
-0.13400035 -0.33113548 1.4282755
-0.1249811 -0.33113548 1.4282755
-0.11596185 -0.33113548 1.4282755
-0.10565413 -0.33113548 1.4282755
-0.095346406 -0.33113548 1.4282755
-0.085038692 -0.33113548 1.4282755
-0.074730963 -0.33113548 1.4282755
-0.064423248 -0.33113548 1.4282755
-0.054115526 -0.33113548 1.4282755
-0.045096274 -0.33113548 1.4282755
-0.036077019 -0.33113548 1.4282755
-0.025769301 -0.33113548 1.4282755
-0.015461578 -0.33113548 1.4282755
-0.0051538595 -0.33113548 1.4282755
0.0051538595 -0.33113548 1.4282755
0.015461579 -0.33113548 1.4282755
0.025769299 -0.33113548 1.4282755
0.036077015 -0.33113548 1.4282755
0.045096274 -0.33113548 1.4282755
0.054115526 -0.33113548 1.4282755
0.064423248 -0.33113548 1.4282755
0.074730963 -0.33113548 1.4282755
0.085038692 -0.33113548 1.4282755
-0.39545307 -0.3261219 1.4232579
-0.38518161 -0.3261219 1.4232578
-0.37491006 -0.32612193 1.4232579
-0.36463854 -0.32612193 1.4232579
-0.35436708 -0.3261219 1.4232578
-0.34470272 -0.3263599 1.4234961
-0.33510643 -0.3261219 1.4232579
-0.32483494 -0.32612193 1.4232579
-0.31524512 -0.32588392 1.4230198
-0.30557737 -0.3261219 1.4232579
-0.29530588 -0.32612193 1.4232579
-0.28503436 -0.32612193 1.4232579
-0.27476284 -0.3261219 1.4232578
-0.26449132 -0.3261219 1.4232578
-0.25421983 -0.32612193 1.4232579
-0.24453877 -0.3263599 1.4234961
-0.23495924 -0.3261219 1.4232578
-0.22538446 -0.3258839 1.4230196
-0.21570168 -0.3261219 1.4232578
-0.20543016 -0.3261219 1.4232579
-0.19515866 -0.3261219 1.4232578
-0.18488716 -0.3261219 1.4232578
-0.17461565 -0.3261219 1.4232578
-0.16434413 -0.3261219 1.4232578
-0.15407263 -0.3261219 1.4232579
-0.14437482 -0.32635993 1.4234961
-0.13552381 -0.3258839 1.4230196
-0.12582599 -0.3261219 1.4232578
-0.11555447 -0.32612193 1.4232579
-0.10528296 -0.32612193 1.4232579
-0.095011458 -0.3261219 1.4232578
-0.084739946 -0.3261219 1.4232579
-0.074468434 -0.32612193 1.4232579
-0.064196929 -0.32612193 1.4232579
-0.053925417 -0.3261219 1.4232579
-0.044937849 -0.3261219 1.4232579
-0.035950284 -0.32612193 1.4232579
-0.025678772 -0.3261219 1.4232579
-0.015407263 -0.3261219 1.4232579
-0.0051357546 -0.3261219 1.4232578
0.0051357541 -0.3261219 1.4232579
0.015407263 -0.32612193 1.4232579
0.025678771 -0.32612193 1.4232579
0.035950284 -0.32612193 1.4232579
0.044937849 -0.32612193 1.4232579
0.053925421 -0.3261219 1.4232579
0.064196929 -0.3261219 1.4232578
0.074468434 -0.32612193 1.4232579
0.084739946 -0.3261219 1.4232578
-0.39447579 -0.34127349 1.4384215
-0.38409486 -0.34127349 1.4384215
-0.37501153 -0.34127346 1.4384216
-0.36592823 -0.34127349 1.4384215
-0.35554728 -0.34127349 1.4384215
-0.34516633 -0.34127349 1.4384215
-0.3347854 -0.34127349 1.4384215
-0.32440442 -0.34127349 1.4384215
-0.31402349 -0.34127349 1.4384215
-0.30494019 -0.34127346 1.4384216
-0.29585683 -0.34127349 1.4384215
-0.28547591 -0.34127349 1.4384215
-0.27509496 -0.34127349 1.4384215
-0.264714 -0.34127349 1.4384215
-0.25433308 -0.34127349 1.4384215
-0.24395213 -0.34127349 1.4384215
-0.23486882 -0.34127346 1.4384216
-0.22578551 -0.34127349 1.4384215
-0.21540454 -0.34127349 1.4384215
-0.20502362 -0.34127349 1.4384215
-0.19464268 -0.34127349 1.4384215
-0.18426171 -0.34127349 1.4384215
-0.17517841 -0.34127346 1.4384216
-0.16609508 -0.34127349 1.4384215
-0.15571412 -0.34127349 1.4384215
-0.14533319 -0.34127349 1.4384215
-0.13495226 -0.34127349 1.4384215
-0.12457131 -0.34127349 1.4384215
-0.11419037 -0.34127349 1.4384215
-0.10510705 -0.34127346 1.4384216
-0.096023716 -0.34127349 1.4384215
-0.08564277 -0.34127349 1.4384215
-0.075261831 -0.34127349 1.4384215
-0.064880885 -0.34127349 1.4384215
-0.054499947 -0.34127349 1.4384215
-0.044119004 -0.34127349 1.4384215
-0.035035681 -0.34127346 1.4384216
-0.025952356 -0.34127349 1.4384215
-0.015571414 -0.34127349 1.4384215
-0.0051904712 -0.34127349 1.4384215
0.0051904712 -0.34127349 1.4384215
0.015571414 -0.34127349 1.4384215
0.025952354 -0.34127349 1.4384215
0.035035681 -0.34127346 1.4384216
0.044119004 -0.34127349 1.4384215
0.054499947 -0.34127349 1.4384215
0.064880893 -0.34127349 1.4384215
0.075261831 -0.34127349 1.4384215
0.08564277 -0.34127349 1.4384215
-0.39504477 -0.33594719 1.4330909
-0.38532203 -0.33618855 1.4333326
-0.37497783 -0.33618855 1.4333326
-0.36463362 -0.33618855 1.4333324
-0.35490257 -0.33642992 1.4335741
-0.34523672 -0.33618855 1.4333326
-0.33489245 -0.33618855 1.4333324
-0.32523307 -0.33594719 1.433091
-0.31549859 -0.33618855 1.4333326
-0.30515438 -0.33618855 1.4333326
-0.29481018 -0.33618855 1.4333326
-0.28446594 -0.33618855 1.4333324
-0.27472141 -0.33642992 1.433574
-0.26506901 -0.33618855 1.4333324
-0.25542137 -0.33594719 1.4330909
-0.24567513 -0.33618855 1.4333324
-0.23533091 -0.33618855 1.4333324
-0.2249867 -0.33618855 1.4333326
-0.21464247 -0.33618855 1.4333326
-0.20429826 -0.33618855 1.4333324
-0.19454025 -0.33642992 1.4335741
-0.18560971 -0.33594719 1.433091
-0.17585167 -0.33618855 1.4333326
-0.16550747 -0.33618855 1.4333324
-0.15516324 -0.33618855 1.4333326
-0.14481904 -0.33618855 1.4333324
-0.13447481 -0.33618855 1.4333324
-0.1241306 -0.33618855 1.4333326
-0.11435906 -0.33642992 1.433574
-0.10545553 -0.33594719 1.4330909
-0.095683992 -0.33618855 1.4333324
-0.085339777 -0.33618855 1.4333326
-0.07499557 -0.33618855 1.4333326
-0.064651355 -0.33618855 1.4333326
-0.054307137 -0.33618855 1.4333326
-0.043962918 -0.33618855 1.4333324
-0.034911726 -0.33618855 1.4333326
-0.025860539 -0.33618855 1.4333326
-0.015516324 -0.33618852 1.4333326
-0.0051721083 -0.33618855 1.4333324
0.0051721083 -0.33618855 1.4333324
0.015516324 -0.33618855 1.4333324
0.025860541 -0.33618855 1.4333324
0.034911726 -0.33618855 1.4333324
0.043962918 -0.33618855 1.4333324
0.054307137 -0.33618855 1.4333326
0.064651348 -0.33618855 1.4333326
0.074995562 -0.33618858 1.4333324
0.085339785 -0.33618855 1.4333326
-0.39468426 -0.35155654 1.4487127
-0.38422906 -0.35155654 1.4487127
-0.37508073 -0.35155654 1.4487127
-0.36593246 -0.35155654 1.4487127
-0.35547724 -0.35155654 1.4487127
-0.34502199 -0.35155654 1.4487127
-0.33456683 -0.35155654 1.4487127
-0.32411158 -0.35155654 1.4487127
-0.31496328 -0.35155654 1.4487127
-0.30581498 -0.35155654 1.4487127
-0.29535976 -0.35155654 1.4487127
-0.28490454 -0.35155654 1.4487127
-0.27444935 -0.35155654 1.4487127
-0.26399413 -0.35155654 1.4487127
-0.25484583 -0.35155654 1.4487127
-0.2456975 -0.35155654 1.4487127
-0.23524228 -0.35155654 1.4487127
-0.22478709 -0.35155654 1.4487127
-0.21433187 -0.35155654 1.4487127
-0.20518355 -0.35155654 1.4487127
-0.19603525 -0.35155654 1.4487127
-0.18558003 -0.35155654 1.4487127
-0.17512481 -0.35155654 1.4487127
-0.1646696 -0.35155654 1.4487127
-0.1542144 -0.35155654 1.4487127
-0.14506607 -0.35155654 1.4487127
-0.13591777 -0.35155654 1.4487127
-0.12546256 -0.35155654 1.4487127
-0.11500735 -0.35155654 1.4487127
-0.10455213 -0.35155654 1.4487127
-0.094096914 -0.35155654 1.4487127
-0.084948599 -0.35155654 1.4487127
-0.075800292 -0.35155654 1.4487127
-0.065345079 -0.35155654 1.4487127
-0.054889869 -0.35155654 1.4487127
-0.044434655 -0.35155654 1.4487127
-0.033979442 -0.35155654 1.4487127
-0.024831131 -0.35155654 1.4487127
-0.015682818 -0.35155654 1.4487127
-0.0052276063 -0.35155654 1.4487127
0.0052276063 -0.35155654 1.4487127
0.01568282 -0.35155654 1.4487127
0.024831131 -0.35155654 1.4487127
0.033979442 -0.35155654 1.4487127
0.044434655 -0.35155654 1.4487127
0.054889869 -0.35155654 1.4487127
0.065345079 -0.35155654 1.4487127
0.075800292 -0.35155654 1.4487127
0.084948607 -0.35155654 1.4487127
0.09017621 -0.35155654 1.4487127
-0.39525652 -0.34615389 1.4433057
-0.38546452 -0.34639871 1.4435507
-0.37504658 -0.34639871 1.4435507
-0.36462861 -0.34639871 1.4435507
-0.35482821 -0.34664354 1.4437958
-0.34509337 -0.34639871 1.4435507
-0.33536342 -0.34615389 1.4433057
-0.32556126 -0.34639871 1.4435507
-0.31514332 -0.34639871 1.4435507
-0.30472535 -0.34639871 1.4435507
-0.29430735 -0.34639871 1.4435507
-0.28449503 -0.34664354 1.4437958
-0.27547029 -0.34615389 1.4433057
-0.26565799 -0.34639871 1.4435507
-0.25524005 -0.34639871 1.4435507
-0.24482208 -0.34639874 1.4435507
-0.23440412 -0.34639871 1.4435507
-0.22458161 -0.34664354 1.4437958
-0.21557721 -0.34615389 1.4433057
-0.2057547 -0.34639874 1.4435507
-0.19533674 -0.34639874 1.4435507
-0.18491878 -0.34639871 1.4435507
-0.17450082 -0.34639874 1.4435507
-0.16466817 -0.3466436 1.4437958
-0.1556841 -0.34615389 1.4433057
-0.14585145 -0.34639871 1.4435507
-0.13543348 -0.34639871 1.4435507
-0.12501551 -0.34639871 1.4435507
-0.11459756 -0.34639871 1.4435507
-0.10417959 -0.34639874 1.4435507
-0.095063888 -0.34639871 1.4435507
-0.085948184 -0.34639871 1.4435507
-0.075530209 -0.34639871 1.4435507
-0.065112248 -0.34639871 1.4435507
-0.054694295 -0.34639871 1.4435507
-0.044276327 -0.34639871 1.4435507
-0.035160616 -0.34639871 1.4435507
-0.026044901 -0.34639871 1.4435507
-0.015626939 -0.34639871 1.4435507
-0.0052089798 -0.34639874 1.4435507
0.0052089798 -0.34639871 1.4435507
0.015626939 -0.34639874 1.4435507
0.026044898 -0.34639874 1.4435507
0.035160612 -0.34639871 1.4435507
0.044276327 -0.34639874 1.4435507
0.054694287 -0.34639874 1.4435507
0.065112248 -0.34639871 1.4435507
0.075530201 -0.34639874 1.4435507
0.085948169 -0.34639874 1.4435507
-0.39489579 -0.3619878 1.4591522
-0.38436523 -0.3619878 1.4591522
-0.37515095 -0.3619878 1.4591522
-0.36593676 -0.3619878 1.4591522
-0.35540619 -0.3619878 1.4591522
-0.34487563 -0.3619878 1.4591522
-0.3343451 -0.3619878 1.4591522
-0.32513085 -0.3619878 1.4591522
-0.31591663 -0.3619878 1.4591522
-0.30538607 -0.3619878 1.4591522
-0.29485551 -0.3619878 1.4591522
-0.28432494 -0.3619878 1.4591522
-0.27511072 -0.3619878 1.4591522
-0.26589647 -0.3619878 1.4591522
-0.25536594 -0.3619878 1.4591522
-0.24483538 -0.3619878 1.4591522
-0.23430482 -0.3619878 1.4591522
-0.22509058 -0.3619878 1.4591522
-0.21587636 -0.3619878 1.4591522
-0.20534579 -0.3619878 1.4591522
-0.19481525 -0.3619878 1.4591522
-0.18428469 -0.3619878 1.4591522
-0.17507045 -0.3619878 1.4591522
-0.16585623 -0.3619878 1.4591522
-0.15532568 -0.3619878 1.4591522
-0.14479512 -0.3619878 1.4591522
-0.13426456 -0.3619878 1.4591522
-0.12505032 -0.3619878 1.4591522
-0.11583609 -0.3619878 1.4591522
-0.10530554 -0.3619878 1.4591522
-0.094774991 -0.3619878 1.4591522
-0.08424443 -0.3619878 1.4591522
-0.0750302 -0.3619878 1.4591522
-0.065815963 -0.3619878 1.4591522
-0.055285409 -0.3619878 1.4591522
-0.044754852 -0.3619878 1.4591522
-0.034224302 -0.3619878 1.4591522
-0.025010064 -0.3619878 1.4591522
-0.015795831 -0.3619878 1.4591522
-0.0052652769 -0.3619878 1.4591522
0.0052652769 -0.3619878 1.4591522
0.015795831 -0.3619878 1.4591522
0.025010066 -0.3619878 1.4591522
0.034224302 -0.3619878 1.4591522
0.044754855 -0.3619878 1.4591522
0.055285405 -0.3619878 1.4591522
0.065815963 -0.3619878 1.4591522
0.0750302 -0.3619878 1.4591522
0.08424443 -0.3619878 1.4591522
0.092142344 -0.3619878 1.4591522
0.31854928 -0.3619878 1.4591522
0.32513085 -0.3619878 1.4591522
0.33434507 -0.3619878 1.4591522
0.34487566 -0.3619878 1.4591522
-0.39478865 -0.35675552 1.4539158
-0.38498035 -0.35650712 1.4536674
-0.37511626 -0.3567555 1.4539158
-0.36462355 -0.35675552 1.4539158
-0.35475275 -0.35700387 1.4541644
-0.34494805 -0.35675552 1.4539158
-0.33514819 -0.35650712 1.4536674
-0.32527566 -0.3567555 1.4539158
-0.31478292 -0.3567555 1.453916
-0.30490357 -0.3570039 1.4541645
-0.29510742 -0.3567555 1.4539158
-0.28531614 -0.35650712 1.4536674
-0.27543506 -0.35675552 1.453916
-0.26494226 -0.35675552 1.4539158
-0.25444949 -0.35675552 1.453916
-0.24455988 -0.3570039 1.4541644
-0.23548402 -0.35650715 1.4536674
-0.22559442 -0.3567555 1.4539158
-0.21510164 -0.3567555 1.4539158
-0.2046089 -0.3567555 1.4539158
-0.19471073 -0.35700387 1.4541644
-0.18565193 -0.35650712 1.4536674
-0.17575379 -0.3567555 1.4539158
-0.16526102 -0.35675552 1.453916
-0.15476827 -0.35675552 1.453916
-0.1442755 -0.35675552 1.453916
-0.13436703 -0.35700387 1.4541645
-0.12532885 -0.35650715 1.4536673
-0.11542039 -0.35675552 1.453916
-0.10492764 -0.35675552 1.4539158
-0.094434872 -0.3567555 1.4539158
-0.084517896 -0.35700387 1.4541645
-0.075496741 -0.35650715 1.4536674
-0.065579772 -0.3567555 1.453916
-0.055087011 -0.35675552 1.453916
-0.044594247 -0.35675552 1.453916
-0.034101479 -0.3567555 1.4539158
-0.024920313 -0.3567555 1.453916
-0.015739145 -0.3567555 1.4539158
-0.0052463817 -0.3567555 1.4539158
0.0052463813 -0.3567555 1.4539158
0.015739145 -0.3567555 1.4539158
0.024920313 -0.3567555 1.453916
0.034101479 -0.35675552 1.453916
0.044594247 -0.35675552 1.453916
0.055087011 -0.35675552 1.453916
0.065579765 -0.3567555 1.453916
0.075496741 -0.35650712 1.4536673
0.084517896 -0.35700387 1.4541645
0.091811679 -0.3567555 1.4539158
-0.39511034 -0.37257048 1.4697434
-0.38450336 -0.37257048 1.4697434
-0.37522224 -0.37257048 1.4697434
-0.36594111 -0.37257048 1.4697434
-0.35533413 -0.37257048 1.4697434
-0.34472716 -0.37257048 1.4697434
-0.33412015 -0.37257048 1.4697434
-0.32483903 -0.37257048 1.4697434
-0.31555793 -0.37257048 1.4697434
-0.30495092 -0.37257048 1.4697434
-0.29434395 -0.37257048 1.4697434
-0.28506282 -0.37257048 1.4697434
-0.27578172 -0.37257048 1.4697434
-0.26517472 -0.37257048 1.4697434
-0.25456774 -0.37257048 1.4697434
-0.24528663 -0.37257048 1.4697434
-0.23600551 -0.37257048 1.4697434
-0.22539851 -0.37257048 1.4697434
-0.21479154 -0.37257048 1.4697434
-0.20418455 -0.37257048 1.4697434
-0.19490342 -0.37257048 1.4697434
-0.1856223 -0.37257048 1.4697434
-0.17501532 -0.37257048 1.4697434
-0.16440833 -0.37257048 1.4697434
-0.15512721 -0.37257048 1.4697434
-0.1458461 -0.37257048 1.4697434
-0.13523912 -0.37257048 1.4697434
-0.12463212 -0.37257048 1.4697434
-0.11402514 -0.37257048 1.4697434
-0.10474402 -0.37257048 1.4697434
-0.095462911 -0.37257048 1.4697434
-0.084855914 -0.37257048 1.4697434
-0.074248925 -0.37257048 1.4697434
-0.064967811 -0.37257048 1.4697434
-0.055686694 -0.37257048 1.4697434
-0.045079704 -0.37257048 1.4697434
-0.034472711 -0.37257048 1.4697434
-0.0251916 -0.37257048 1.4697434
-0.015910484 -0.37257048 1.4697434
-0.0053034946 -0.37257048 1.4697434
0.0053034946 -0.37257048 1.4697434
0.015910484 -0.37257048 1.4697434
0.0251916 -0.37257048 1.4697434
0.034472715 -0.37257048 1.4697434
0.045079704 -0.37257048 1.4697434
0.05568669 -0.37257048 1.4697434
0.064967811 -0.37257048 1.4697434
0.074248925 -0.37257048 1.4697434
0.084855914 -0.37257048 1.4697434
0.092811152 -0.37257048 1.4697434
0.19622929 -0.37257048 1.4697434
0.20418453 -0.37257048 1.4697434
0.21081391 -0.37257048 1.4697434
0.31820968 -0.37257048 1.4697434
0.32483903 -0.37257048 1.4697434
0.33412015 -0.37257048 1.4697434
0.34472716 -0.37257048 1.4697434
0.35533413 -0.37257048 1.4697434
0.36594114 -0.37257048 1.4697434
0.37522224 -0.37257048 1.4697434
0.38450336 -0.37257048 1.4697434
0.39511037 -0.37257048 1.4697434
-0.39500165 -0.3672621 1.4644308
-0.38512239 -0.36701015 1.4641787
-0.37518701 -0.3672621 1.4644308
-0.36461836 -0.36726215 1.4644308
-0.35467619 -0.3675141 1.4646829
-0.3454968 -0.36701018 1.4641787
-0.3355546 -0.36726213 1.4644308
-0.32498595 -0.36726213 1.4644308
-0.3144173 -0.36726215 1.4644308
-0.30446646 -0.3675141 1.4646829
-0.29530433 -0.36701015 1.4641787
-0.28535351 -0.3672621 1.4644308
-0.27478486 -0.3672621 1.4644308
-0.26482722 -0.36751407 1.4646829
-0.25567871 -0.36701015 1.4641787
-0.24572109 -0.36726213 1.4644308
-0.23515244 -0.36726213 1.4644308
-0.22458377 -0.36726213 1.4644308
-0.21461746 -0.3675141 1.4646829
-0.2054863 -0.36701012 1.4641787
-0.19552 -0.3672621 1.4644308
-0.18495135 -0.36726213 1.4644308
-0.1743827 -0.36726213 1.4644308
-0.16440775 -0.3675141 1.4646829
-0.15529387 -0.36701015 1.4641787
-0.14531891 -0.36726213 1.4644308
-0.13475026 -0.36726215 1.4644308
-0.12418161 -0.36726213 1.4644308
-0.11493405 -0.36726213 1.4644308
-0.10568649 -0.36726213 1.4644308
-0.095117837 -0.36726213 1.4644308
-0.084549189 -0.36726215 1.4644308
-0.074558772 -0.3675141 1.4646829
-0.065475814 -0.36701018 1.4641787
-0.055485405 -0.36726213 1.4644308
-0.044916756 -0.3672621 1.4644308
-0.034348108 -0.3672621 1.4644308
-0.025100539 -0.36726215 1.4644308
-0.015852973 -0.36726213 1.4644308
-0.0052843238 -0.36726215 1.4644308
0.0052843243 -0.3672621 1.4644308
0.015852973 -0.36726213 1.4644308
0.025100542 -0.36726215 1.4644308
0.034348108 -0.36726215 1.4644308
0.044916756 -0.3672621 1.4644308
0.055485405 -0.36726213 1.4644308
0.065475821 -0.36701018 1.4641787
0.074558772 -0.3675141 1.4646829
0.084549189 -0.3672621 1.4644308
0.092475682 -0.36726213 1.4644308
0.19840102 -0.36902589 1.4661959
0.20501439 -0.36902586 1.4661959
0.21030508 -0.36902589 1.4661959
0.31705946 -0.36726213 1.4644308
0.32498595 -0.36726213 1.4644308
0.33555457 -0.3672621 1.4644308
0.34549674 -0.36701012 1.4641787
0.35294124 -0.36814404 1.4653134
0.39812472 -0.36902589 1.4661959
-0.39452657 -0.37817746 1.4753546
-0.38526651 -0.37766618 1.474843
-0.37525877 -0.37792182 1.4750988
-0.36461318 -0.37792182 1.4750988
-0.35459852 -0.37817746 1.4753548
-0.34535226 -0.37766618 1.4748429
-0.33533764 -0.37792182 1.4750988
-0.32469201 -0.37792182 1.4750988
-0.31467047 -0.37817746 1.4753548
-0.30543807 -0.37766618 1.474843
-0.29541647 -0.37792182 1.4750988
-0.28477085 -0.37792182 1.4750987
-0.27474236 -0.37817746 1.4753546
-0.26552385 -0.37766618 1.474843
-0.25549534 -0.37792182 1.4750988
-0.24484971 -0.37792182 1.4750988
-0.2348143 -0.37817746 1.4753548
-0.22560962 -0.37766618 1.474843
-0.21557419 -0.37792182 1.4750988
-0.20492855 -0.37792182 1.4750988
-0.19428292 -0.37792182 1.4750988
-0.18496798 -0.37792182 1.4750987
-0.17565306 -0.37792182 1.4750988
-0.16500741 -0.37792182 1.4750987
-0.15436178 -0.37792182 1.4750987
-0.14504685 -0.37792182 1.475099
-0.13573191 -0.37792185 1.4750987
-0.12508626 -0.37792182 1.4750987
-0.11444063 -0.37792182 1.4750988
-0.10512569 -0.37792182 1.475099
-0.095810756 -0.37792182 1.4750987
-0.085165113 -0.37792182 1.4750988
-0.074519478 -0.37792182 1.4750988
-0.065204538 -0.37792182 1.475099
-0.05588961 -0.37792182 1.4750987
-0.045243967 -0.37792182 1.4750988
-0.034598328 -0.37792182 1.4750988
-0.025283394 -0.37792182 1.4750987
-0.015968461 -0.37792182 1.4750988
-0.0053228196 -0.37792182 1.4750988
0.0053228196 -0.37792182 1.4750987
0.015968459 -0.37792182 1.4750988
0.025283394 -0.37792182 1.475099
0.034598328 -0.37792182 1.4750988
0.045243971 -0.37792182 1.4750988
0.05588961 -0.37792182 1.4750988
0.065204538 -0.37792182 1.475099
0.07451947 -0.37792182 1.4750987
0.085165113 -0.37792182 1.4750988
0.093149349 -0.37792182 1.4750988
0.19488622 -0.37817746 1.4753546
0.20492858 -0.37792182 1.4750988
0.21158209 -0.37792182 1.4750988
0.31803846 -0.37792182 1.4750988
0.32469201 -0.37792182 1.4750988
0.33533764 -0.37792182 1.4750987
0.34535226 -0.37766618 1.474843
0.35459849 -0.37817746 1.4753548
0.36461315 -0.37792182 1.4750988
0.3752588 -0.37792182 1.4750988
0.38526651 -0.37766618 1.474843
0.39452657 -0.37817746 1.4753548
-0.39458019 -0.39055386 1.487741
-0.38518545 -0.39055386 1.487741
-0.37579066 -0.39055386 1.487741
-0.3650538 -0.39055386 1.487741
-0.35431689 -0.39055386 1.487741
-0.34492216 -0.39055386 1.487741
-0.33552736 -0.39055386 1.487741
-0.32479051 -0.39055386 1.487741
-0.3140536 -0.39055386 1.487741
-0.30465886 -0.39055386 1.487741
-0.29526407 -0.39055386 1.487741
-0.28452721 -0.39055386 1.487741
-0.27513245 -0.39055386 1.487741
-0.26573768 -0.39055386 1.487741
-0.2550008 -0.39055386 1.487741
-0.24426393 -0.39055386 1.487741
-0.23486917 -0.39055386 1.487741
-0.2254744 -0.39055386 1.487741
-0.21473752 -0.39055386 1.487741
-0.20534275 -0.39055386 1.487741
-0.19594799 -0.39055386 1.487741
-0.18521111 -0.39055386 1.487741
-0.17447424 -0.39055386 1.487741
-0.16507947 -0.39055386 1.487741
-0.15568469 -0.39055386 1.487741
-0.14494783 -0.39055386 1.487741
-0.13421094 -0.39055386 1.487741
-0.12481619 -0.39055386 1.487741
-0.11542142 -0.39055386 1.487741
-0.10468455 -0.39055386 1.487741
-0.095289774 -0.39055386 1.487741
-0.085895009 -0.39055386 1.487741
-0.075158134 -0.39055386 1.487741
-0.064421251 -0.39055386 1.487741
-0.05502649 -0.39055386 1.487741
-0.045631725 -0.39055386 1.487741
-0.034894846 -0.39055386 1.487741
-0.024157971 -0.39055386 1.487741
-0.014763203 -0.39055386 1.487741
-0.0053684385 -0.39055386 1.487741
0.0053684381 -0.39055386 1.487741
0.014763203 -0.39055386 1.487741
0.024157973 -0.39055386 1.487741
0.034894846 -0.39055386 1.487741
0.045631722 -0.39055386 1.487741
0.05502649 -0.39055386 1.487741
0.064421259 -0.39055386 1.487741
0.075158134 -0.39055386 1.487741
0.085895017 -0.39055386 1.487741
0.095289774 -0.39055386 1.487741
0.10468455 -0.39055386 1.487741
0.11542141 -0.39055386 1.487741
0.12481618 -0.39055386 1.487741
0.13421096 -0.39055386 1.487741
0.14494783 -0.39055386 1.487741
0.15568471 -0.39055386 1.487741
0.16507947 -0.39055386 1.487741
0.17447424 -0.39055386 1.487741
0.18521112 -0.39055386 1.487741
0.19594797 -0.39055386 1.487741
0.20534277 -0.39055386 1.487741
0.2120533 -0.39055386 1.487741
0.31807995 -0.39055386 1.487741
0.32479054 -0.39055386 1.487741
0.33552739 -0.39055386 1.487741
0.34492216 -0.39055386 1.487741
0.35431692 -0.39055386 1.487741
0.36505377 -0.39055386 1.487741
0.37579066 -0.39055386 1.487741
0.38518539 -0.39055386 1.487741
0.39458019 -0.39055386 1.487741
-0.39516816 -0.38485685 1.4820393
-0.38511339 -0.385115 1.4822977
-0.37505341 -0.38537315 1.4825561
-0.36505374 -0.385115 1.4822977
-0.35505921 -0.38485685 1.4820393
-0.34499738 -0.385115 1.4822979
-0.33493042 -0.38537315 1.4825561
-0.32564592 -0.38485685 1.4820393
-0.315579 -0.385115 1.4822977
-0.30488139 -0.385115 1.4822977
-0.29480746 -0.38537315 1.4825561
-0.28553694 -0.38485685 1.4820393
-0.27546301 -0.385115 1.4822979
-0.26476544 -0.385115 1.4822979
-0.25468451 -0.38537315 1.482556
-0.24542797 -0.38485685 1.4820396
-0.23534705 -0.385115 1.4822979
-0.22464946 -0.385115 1.4822977
-0.21456154 -0.38537315 1.4825562
-0.205319 -0.38485685 1.4820396
-0.19523107 -0.385115 1.4822977
-0.18453351 -0.385115 1.4822977
-0.17443858 -0.38537315 1.4825562
-0.16521001 -0.38485685 1.4820393
-0.15511508 -0.385115 1.4822977
-0.14441749 -0.385115 1.4822979
-0.13505711 -0.385115 1.4822978
-0.12569672 -0.385115 1.4822977
-0.11499912 -0.385115 1.4822977
-0.10430153 -0.385115 1.4822979
-0.094941139 -0.385115 1.4822978
-0.085580751 -0.385115 1.4822977
-0.074883148 -0.385115 1.4822977
-0.06418556 -0.385115 1.4822977
-0.054825161 -0.385115 1.4822978
-0.045464773 -0.385115 1.4822979
-0.034767177 -0.385115 1.4822979
-0.024069585 -0.385115 1.4822977
-0.01470919 -0.385115 1.4822978
-0.005348797 -0.385115 1.4822977
0.005348797 -0.385115 1.4822977
0.01470919 -0.385115 1.4822979
0.024069583 -0.385115 1.4822979
0.034767177 -0.385115 1.4822979
0.045464769 -0.385115 1.4822977
0.054825168 -0.385115 1.4822978
0.06418556 -0.385115 1.4822977
0.074883148 -0.385115 1.4822977
0.085580744 -0.385115 1.4822979
0.094430074 -0.38547641 1.4826596
0.10442879 -0.38692206 1.4841063
0.11513943 -0.38692206 1.4841063
0.12629102 -0.38537315 1.4825561
0.13505711 -0.385115 1.4822978
0.14441749 -0.385115 1.4822979
0.1551151 -0.385115 1.4822977
0.16521001 -0.38485685 1.4820393
0.17443858 -0.38537315 1.4825561
0.18453349 -0.385115 1.4822977
0.19523108 -0.385115 1.4822977
0.205319 -0.38485685 1.4820393
0.21180858 -0.38571736 1.4829006
0.3195906 -0.38511497 1.4822978
0.32564592 -0.38485685 1.4820393
0.33493042 -0.38537315 1.4825561
0.34499738 -0.385115 1.4822977
0.35505918 -0.38485685 1.4820396
0.36505371 -0.385115 1.4822977
0.37505341 -0.38537315 1.4825561
0.38511336 -0.385115 1.4822977
0.39516822 -0.38485685 1.4820396
-0.3953881 -0.39577538 1.4929665
-0.38525918 -0.39603734 1.4932287
-0.37512508 -0.3962993 1.4934911
-0.36505166 -0.39603734 1.4932289
-0.35498342 -0.39577538 1.4929665
-0.34484738 -0.39603734 1.4932287
-0.33470616 -0.3962993 1.4934909
-0.32535329 -0.39577538 1.4929665
-0.31521207 -0.39603734 1.4932289
-0.30443558 -0.39603734 1.4932287
-0.29500619 -0.39603734 1.4932289
-0.28557673 -0.39603734 1.4932287
-0.27480027 -0.39603734 1.4932287
-0.26464674 -0.3962993 1.4934911
-0.25531846 -0.39577538 1.4929665
-0.24516495 -0.39603734 1.4932289
-0.23438844 -0.39603734 1.4932289
-0.22495903 -0.39603734 1.4932288
-0.21552962 -0.39603734 1.4932287
-0.20475315 -0.39603734 1.4932287
-0.19458732 -0.3962993 1.4934911
-0.18528365 -0.39577538 1.4929665
-0.17511782 -0.39603734 1.4932289
-0.16434135 -0.39603734 1.4932287
-0.15491192 -0.39603734 1.4932288
-0.14548248 -0.39603734 1.4932287
-0.13470601 -0.39603734 1.4932287
-0.12452789 -0.3962993 1.4934909
-0.11524881 -0.39577538 1.4929668
-0.10507069 -0.39603734 1.4932289
-0.094294205 -0.39603734 1.4932289
-0.084864795 -0.39603734 1.4932289
-0.07543537 -0.39603734 1.4932287
-0.064658888 -0.39603734 1.4932287
-0.055229466 -0.39603734 1.4932288
-0.045800045 -0.39603734 1.4932287
-0.035023566 -0.39603734 1.4932287
-0.024247082 -0.39603734 1.4932287
-0.01481766 -0.39603734 1.4932288
-0.0053882408 -0.39603734 1.4932287
0.0053882403 -0.39603734 1.4932287
0.014817662 -0.39603734 1.4932288
0.024247084 -0.39603734 1.4932289
0.035023559 -0.39603734 1.4932287
0.045800045 -0.39603734 1.4932287
0.055229466 -0.39603734 1.4932288
0.064658888 -0.39603734 1.4932289
0.07543537 -0.39603734 1.4932287
0.084864788 -0.39603734 1.4932288
0.09429422 -0.39603734 1.4932289
0.10507069 -0.39603734 1.4932287
0.11524881 -0.39577538 1.4929668
0.12452789 -0.3962993 1.4934909
0.13470602 -0.39603734 1.4932287
0.1454825 -0.39603734 1.4932289
0.15491192 -0.39603734 1.4932288
0.16434135 -0.39603734 1.4932289
0.17511782 -0.39603734 1.4932289
0.18528365 -0.39577538 1.4929665
0.19458732 -0.3962993 1.4934909
0.20475315 -0.39603734 1.4932287
0.21283551 -0.39603734 1.4932288
0.31925327 -0.39603734 1.4932288
0.32535329 -0.39577538 1.4929665
0.33470616 -0.3962993 1.4934909
0.34484738 -0.39603734 1.4932289
0.35498339 -0.39577538 1.4929665
0.36505166 -0.39603734 1.4932289
0.37512511 -0.3962993 1.4934911
0.38525918 -0.39603734 1.4932287
0.39538813 -0.39577538 1.4929665
